date,hour,PlayStation5,PlayStation5 DE,XboxSX,XboxSS,Switchグレー,Switchネオン,SwitchLiteターコイズ,Switch有機ELネオン,Switch有機ELホワイト
2021年08月07日,21時,80000,69000,66000,36000,32500,31500,18700,,
2021年08月07日,22時,80000,69000,66000,36000,32500,31500,18700,,
2021年08月07日,23時,80000,69000,66000,36000,32500,31500,18700,,
2021年08月08日,00時,80000,69000,66000,36000,32500,31500,18700,,
2021年08月08日,01時,78000,67000,66000,36000,32500,31500,18700,,
2021年08月08日,02時,78000,67000,66000,36000,32500,31500,18700,,
2021年08月08日,03時,78000,67000,66000,36000,32500,31500,18700,,
2021年08月08日,04時,78000,67000,66000,36000,32500,31500,18700,,
2021年08月08日,05時,78000,67000,66000,36000,32500,31500,18700,,
2021年08月08日,06時,78000,67000,66000,36000,32500,31500,18700,,
2021年08月08日,07時,78000,67000,66000,36000,32500,31500,18700,,
2021年08月08日,08時,78000,67000,66000,36000,32500,31500,18700,,
2021年08月08日,09時,78000,67000,66000,36000,32500,31500,18700,,
2021年08月08日,10時,78000,67000,66000,36000,32500,31500,18700,,
2021年08月08日,11時,78000,67000,66000,36000,32500,31500,18700,,
2021年08月08日,12時,78000,67000,66000,36000,32500,31500,18700,,
2021年08月08日,13時,78000,67000,66000,36000,32500,31500,18700,,
2021年08月08日,14時,78000,67000,66000,36000,32500,31500,18700,,
2021年08月08日,15時,78000,67000,66000,36000,32500,31500,18700,,
2021年08月08日,16時,79000,68000,66000,36000,32500,31500,18700,,
2021年08月08日,17時,79000,68000,66000,36000,32500,31500,18700,,
2021年08月08日,18時,79000,68000,66000,36000,32500,31500,18700,,
2021年08月08日,19時,79000,68000,66000,36000,32500,31500,18700,,
2021年08月08日,20時,79000,68000,66000,36000,32500,31500,18700,,
2021年08月08日,21時,79000,68000,66000,36000,32500,31500,18700,,
2021年08月08日,22時,79000,68000,66000,36000,32500,31500,18700,,
2021年08月08日,23時,79000,68000,66000,36000,32500,31500,18700,,
2021年08月09日,00時,79000,68000,66000,36000,32500,31500,18700,,
2021年08月09日,01時,79000,68000,66000,36000,32500,31500,18700,,
2021年08月09日,02時,79000,68000,66000,36000,32500,31500,18700,,
2021年08月09日,03時,79000,68000,66000,36000,32500,31500,18700,,
2021年08月09日,04時,79000,68000,66000,36000,32500,31500,18700,,
2021年08月09日,05時,79000,68000,66000,36000,32500,31500,18700,,
2021年08月09日,06時,79000,68000,66000,36000,32500,31500,18700,,
2021年08月09日,07時,79000,68000,66000,36000,32500,31500,18700,,
2021年08月09日,08時,79000,68000,66000,36000,32500,31500,18700,,
2021年08月09日,09時,79000,68000,66000,36000,32500,31500,18700,,
2021年08月09日,10時,79000,68000,66000,36000,32500,31500,18700,,
2021年08月09日,11時,79000,68000,66000,36000,32500,31500,18700,,
2021年08月09日,12時,79000,68000,66000,36000,32500,31500,18700,,
2021年08月09日,13時,81000,70000,66000,36000,32500,31500,18700,,
2021年08月09日,14時,81000,70000,66000,36000,32500,31500,18700,,
2021年08月09日,15時,81000,70000,66000,36000,32500,31500,18700,,
2021年08月09日,16時,82000,70000,66000,36000,32500,31500,18700,,
2021年08月09日,17時,82000,70000,66000,36000,32500,31500,18700,,
2021年08月09日,18時,82000,70000,66000,36000,32500,31500,18700,,
2021年08月09日,19時,82000,70000,66000,36000,32500,31500,18700,,
2021年08月09日,20時,82000,70000,66000,36000,32500,31500,18700,,
2021年08月09日,21時,82000,70000,66000,36000,32500,31500,18700,,
2021年08月09日,22時,82000,70000,66000,36000,32500,31500,18700,,
2021年08月09日,23時,82000,70000,66000,36000,32500,31500,18700,,
2021年08月10日,00時,82000,70000,66000,36000,32500,31500,18700,,
2021年08月10日,01時,82000,70000,66000,36000,32500,31500,18700,,
2021年08月10日,02時,82000,70000,66000,36000,32500,31500,18700,,
2021年08月10日,03時,82000,70000,66000,36000,32500,31500,18700,,
2021年08月10日,04時,82000,70000,66000,36000,32500,31500,18700,,
2021年08月10日,05時,82000,70000,66000,36000,32500,31500,18700,,
2021年08月10日,06時,82000,70000,66000,36000,32500,31500,18700,,
2021年08月10日,07時,82000,70000,66000,36000,32500,31500,18700,,
2021年08月10日,08時,82000,70000,66000,36000,32500,31500,18700,,
2021年08月10日,09時,82000,70000,66000,36000,32500,31500,18700,,
2021年08月10日,10時,82000,70000,66000,36000,32500,31500,18700,,
2021年08月10日,11時,82000,70000,66000,36000,32500,31500,18700,,
2021年08月10日,12時,82000,70000,66000,36000,32500,31500,18700,,
2021年08月10日,13時,82000,70000,66000,36000,32500,31500,18700,,
2021年08月10日,14時,83000,71000,66000,36000,32700,31500,18700,,
2021年08月10日,15時,83000,71000,66000,36000,32700,31500,18700,,
2021年08月10日,16時,83000,71000,66000,36000,32700,31500,18700,,
2021年08月10日,17時,83000,71000,66000,36000,32700,31500,18700,,
2021年08月10日,18時,83000,71000,66000,36000,32700,31500,18700,,
2021年08月10日,19時,83000,71000,66000,36000,32700,31500,18700,,
2021年08月10日,20時,83000,71000,66000,36000,32700,31500,18700,,
2021年08月10日,21時,83000,71000,66000,36000,32700,31500,18700,,
2021年08月10日,22時,83000,71000,66000,36000,32700,31500,18700,,
2021年08月10日,23時,83000,71000,66000,36000,32700,31500,18700,,
2021年08月11日,00時,83000,71000,66000,36000,32700,31500,18700,,
2021年08月11日,01時,83000,71000,66000,36000,32700,31500,18700,,
2021年08月11日,02時,83000,71000,66000,36000,32700,31500,18700,,
2021年08月11日,03時,83000,71000,66000,36000,32700,31500,18700,,
2021年08月11日,04時,83000,71000,66000,36000,32700,31500,18700,,
2021年08月11日,05時,83000,71000,66000,36000,32700,31500,18700,,
2021年08月11日,06時,83000,71000,66000,36000,32700,31500,18700,,
2021年08月11日,07時,83000,71000,66000,36000,32700,31500,18700,,
2021年08月11日,08時,83000,71000,66000,36000,32700,31500,18700,,
2021年08月11日,09時,83000,71000,66000,36000,32700,31500,18700,,
2021年08月11日,10時,83000,71000,66000,36000,32700,31500,18700,,
2021年08月11日,11時,83000,71000,66000,36000,32700,31500,18700,,
2021年08月11日,12時,83000,71000,66000,36000,32700,31500,18700,,
2021年08月11日,13時,83000,71000,66000,36000,32700,31500,18700,,
2021年08月11日,14時,84000,71500,66000,36000,32800,32000,18700,,
2021年08月11日,15時,84000,71500,66000,36000,32800,32000,18700,,
2021年08月11日,16時,84000,71500,66000,36000,32800,32000,18700,,
2021年08月11日,17時,84000,71500,66000,36000,32800,32000,18700,,
2021年08月11日,18時,84000,71500,66500,36000,33000,32000,18700,,
2021年08月11日,19時,84000,71500,66500,36000,33000,32000,18700,,
2021年08月11日,20時,84000,71500,66500,36000,33000,32000,18700,,
2021年08月11日,21時,84000,71500,66500,36000,33000,32000,18700,,
2021年08月11日,22時,84000,71500,66500,36000,33000,32000,18700,,
2021年08月11日,23時,84000,71500,66500,36000,33000,32000,18700,,
2021年08月12日,00時,84000,71500,66500,36000,33000,32000,18700,,
2021年08月12日,01時,84000,71500,66500,36000,33000,32000,18700,,
2021年08月12日,02時,84000,71500,66500,36000,33000,32000,18700,,
2021年08月12日,03時,84000,71500,66500,36000,33000,32000,18700,,
2021年08月12日,04時,84000,71500,66500,36000,33000,32000,18700,,
2021年08月12日,05時,84000,71500,66500,36000,33000,32000,18700,,
2021年08月12日,06時,84000,71500,66500,36000,33000,32000,18700,,
2021年08月12日,07時,84000,71500,66500,36000,33000,32000,18700,,
2021年08月12日,08時,84000,71500,66500,36000,33000,32000,18700,,
2021年08月12日,09時,84000,71500,66500,36000,33000,32000,18700,,
2021年08月12日,10時,84000,71500,66500,36000,33000,32000,18700,,
2021年08月12日,11時,84000,71500,66500,36000,33000,32000,18700,,
2021年08月12日,12時,84000,71500,66500,36000,33000,32000,18700,,
2021年08月12日,13時,84000,71500,66500,36000,33000,32000,18700,,
2021年08月12日,14時,84000,71500,66500,36000,33000,32000,18700,,
2021年08月12日,15時,84000,71500,66500,36000,33000,32000,18700,,
2021年08月12日,16時,84000,71500,66500,36000,33000,32000,18700,,
2021年08月12日,17時,84000,71500,66500,36000,33000,32000,18700,,
2021年08月12日,18時,84000,71500,66500,36000,33000,32000,18700,,
2021年08月12日,19時,83000,71000,66500,36000,32700,31800,18700,,
2021年08月12日,20時,83000,71000,66500,36000,32700,31800,18700,,
2021年08月12日,21時,83000,71000,66500,36000,32700,31800,18700,,
2021年08月12日,22時,83000,71000,66500,36000,32700,31800,18700,,
2021年08月12日,23時,83000,71000,66500,36000,32700,31800,18700,,
2021年08月13日,00時,83000,71000,66500,36000,32700,31800,18700,,
2021年08月13日,01時,83000,71000,66500,36000,32700,31800,18700,,
2021年08月13日,02時,83000,71000,66500,36000,32700,31800,18700,,
2021年08月13日,03時,83500,71500,66500,36000,32800,32000,18700,,
2021年08月13日,04時,83500,71500,66500,36000,32800,32000,18700,,
2021年08月13日,05時,83500,71500,66500,36000,32800,32000,18700,,
2021年08月13日,06時,83500,71500,66500,36000,32800,32000,18700,,
2021年08月13日,07時,83500,71500,66500,36000,32800,32000,18700,,
2021年08月13日,08時,83500,71500,66500,36000,32800,32000,18700,,
2021年08月13日,09時,83500,71500,66500,36000,32800,32000,18700,,
2021年08月13日,10時,83500,71500,66500,36000,32800,32000,18700,,
2021年08月13日,11時,83500,71500,66500,36000,32800,32000,18700,,
2021年08月13日,12時,83500,71500,66500,36000,32800,32000,18700,,
2021年08月13日,13時,83500,71500,66500,36000,32800,32000,18700,,
2021年08月13日,14時,83500,71500,66500,36000,32800,32000,18700,,
2021年08月13日,15時,84000,71500,66500,36000,32800,32000,18700,,
2021年08月13日,16時,84000,71500,66500,36000,32800,32000,18700,,
2021年08月13日,17時,84000,71500,66500,36000,32800,32000,19000,,
2021年08月13日,18時,84000,71500,66500,36000,32800,32000,19000,,
2021年08月13日,19時,84000,71500,66500,36000,32800,32000,19000,,
2021年08月13日,20時,84000,71500,66500,36000,32800,32000,19000,,
2021年08月13日,21時,84000,71500,66500,36000,32800,32000,19000,,
2021年08月13日,22時,84000,71500,66500,36000,32800,32000,19000,,
2021年08月13日,23時,84000,71500,66500,36000,32800,32000,19000,,
2021年08月14日,00時,84000,71500,66500,36000,32800,32000,19000,,
2021年08月14日,01時,84000,71500,66500,36000,32800,32000,19000,,
2021年08月14日,02時,84000,71500,66500,36000,32800,32000,19000,,
2021年08月14日,03時,84000,71500,66500,36000,32800,32000,19000,,
2021年08月14日,04時,84000,71500,66500,36000,32800,32000,19000,,
2021年08月14日,05時,84000,71500,66500,36000,32800,32000,19000,,
2021年08月14日,06時,84000,71500,66500,36000,32800,32000,19000,,
2021年08月14日,07時,84000,71500,66500,36000,32800,32000,19000,,
2021年08月14日,08時,84000,71500,66500,36000,32800,32000,19000,,
2021年08月14日,09時,84000,71500,66500,36000,32800,32000,19000,,
2021年08月14日,10時,84000,71500,66500,36000,32800,32000,19000,,
2021年08月14日,11時,84000,71500,66500,36000,32800,32000,19000,,
2021年08月14日,12時,84000,71500,66500,36000,32800,32000,19000,,
2021年08月14日,13時,84000,71500,66500,36000,32800,32000,19000,,
2021年08月14日,14時,84000,71500,66500,36000,32800,32000,19000,,
2021年08月14日,15時,84000,71500,66500,36000,32800,32000,19000,,
2021年08月14日,16時,84000,71500,66500,36000,32900,32000,19100,,
2021年08月14日,17時,84000,71500,66500,36000,32900,32000,19100,,
2021年08月14日,18時,84100,71500,66500,36000,32900,32000,19100,,
2021年08月14日,19時,84100,71500,66500,36000,32900,32000,19100,,
2021年08月14日,20時,84100,71500,66500,36000,32900,32000,19100,,
2021年08月14日,21時,84100,71500,66500,36000,32900,32000,19100,,
2021年08月14日,22時,84100,71500,66500,36000,32900,32000,19100,,
2021年08月14日,23時,84100,71500,66500,36000,32900,32000,19100,,
2021年08月15日,00時,84100,71500,66500,36000,32900,32000,19100,,
2021年08月15日,01時,84100,71500,66500,36000,32900,32000,19100,,
2021年08月15日,02時,84100,71500,66500,36000,32900,32000,19100,,
2021年08月15日,03時,84100,71500,66500,36000,32900,32000,19100,,
2021年08月15日,04時,84100,71500,66500,36000,32900,32000,19100,,
2021年08月15日,05時,84100,71500,66500,36000,32900,32000,19100,,
2021年08月15日,06時,84100,71500,66500,36000,32900,32000,19100,,
2021年08月15日,07時,84100,71500,66500,36000,32900,32000,19100,,
2021年08月15日,08時,84100,71500,66500,36000,32900,32000,19100,,
2021年08月15日,09時,84100,71500,66500,36000,32900,32000,19100,,
2021年08月15日,10時,84100,71500,66500,36000,32900,32000,19100,,
2021年08月15日,11時,84100,71500,66500,36000,32900,32000,19100,,
2021年08月15日,12時,84100,71500,66500,36000,32900,32000,19100,,
2021年08月15日,13時,84100,71500,66500,36000,32900,32000,19100,,
2021年08月15日,14時,84100,71500,66500,36000,32900,32000,19100,,
2021年08月15日,15時,84100,71500,66500,36000,32900,32000,19100,,
2021年08月15日,16時,84100,71500,66500,36000,32900,32000,19100,,
2021年08月15日,17時,84100,71500,66500,36000,32900,32000,19100,,
2021年08月15日,18時,84100,71500,66500,36000,32900,32000,19100,,
2021年08月15日,19時,84100,71500,66500,36000,32900,32000,19100,,
2021年08月15日,20時,84100,71500,66500,36000,32900,32000,19100,,
2021年08月15日,21時,84100,71500,66500,36000,32900,32000,19100,,
2021年08月15日,22時,84100,71500,66500,36000,32900,32000,19100,,
2021年08月15日,23時,84100,71500,66500,36000,32900,32000,19100,,
2021年08月16日,00時,84100,71500,66500,36000,32900,32000,19100,,
2021年08月16日,01時,84100,71500,66500,36000,32900,32000,19100,,
2021年08月16日,02時,84100,71500,66500,36000,32900,32000,19100,,
2021年08月16日,03時,84100,71500,66500,36000,32900,32000,19100,,
2021年08月16日,04時,84100,71500,66500,36000,32900,32000,19100,,
2021年08月16日,05時,84100,71500,66500,36000,32900,32000,19100,,
2021年08月16日,06時,84100,71500,66500,36000,32900,32000,19100,,
2021年08月16日,07時,84100,71500,66500,36000,32900,32000,19100,,
2021年08月16日,08時,84100,71500,66500,36000,32900,32000,19100,,
2021年08月16日,09時,84100,71500,66500,36000,32900,32000,19100,,
2021年08月16日,10時,84100,71500,66500,36000,32900,32000,19100,,
2021年08月16日,11時,84100,71500,66500,36000,32900,32000,19100,,
2021年08月16日,12時,84100,71500,66500,36000,32900,32000,19100,,
2021年08月16日,13時,84100,71500,66500,36000,32900,32000,19100,,
2021年08月16日,14時,84100,71500,66500,36000,32900,32000,19100,,
2021年08月16日,15時,84100,71500,66500,36000,33000,32000,19100,,
2021年08月16日,16時,84100,71500,66500,36000,33000,32000,19100,,
2021年08月16日,17時,84100,71500,66500,36000,33000,32000,19100,,
2021年08月16日,18時,84100,71500,66500,36000,33000,32000,19100,,
2021年08月16日,19時,84100,71500,66500,36000,33000,32000,19100,,
2021年08月16日,20時,84100,71500,66500,36000,33000,32000,19100,,
2021年08月16日,21時,84100,71500,66500,36000,33000,32000,19100,,
2021年08月16日,22時,84100,71500,66500,36000,33000,32000,19100,,
2021年08月16日,23時,84100,71500,66500,36000,33000,32000,19100,,
2021年08月17日,00時,84100,71500,66500,36000,33000,32000,19100,,
2021年08月17日,01時,84100,71500,66500,36000,33000,32000,19100,,
2021年08月17日,02時,84100,71500,66500,36000,33000,32000,19100,,
2021年08月17日,03時,84100,71500,66500,36000,33000,32000,19100,,
2021年08月17日,04時,84100,71500,66500,36000,33000,32000,19100,,
2021年08月17日,05時,84100,71500,66500,36000,33000,32000,19100,,
2021年08月17日,06時,84100,71500,66500,36000,33000,32000,19100,,
2021年08月17日,07時,84100,71500,66500,36000,33000,32000,19100,,
2021年08月17日,08時,84100,71500,66500,36000,33000,32000,19100,,
2021年08月17日,09時,84100,71500,66500,36000,33000,32000,19100,,
2021年08月17日,10時,84100,71500,66500,36000,33000,32000,19100,,
2021年08月17日,11時,84100,71500,66500,36000,33000,32000,19100,,
2021年08月17日,12時,84100,71500,66500,36000,33000,32000,19100,,
2021年08月17日,13時,84100,71500,66500,36000,33000,32000,19100,,
2021年08月17日,14時,84100,71500,66500,36000,33000,32000,19100,,
2021年08月17日,15時,84500,72000,66500,36000,33000,32000,18700,,
2021年08月17日,16時,84500,72000,66500,36000,33000,32000,18700,,
2021年08月17日,17時,84500,72000,66500,36000,33000,32000,18700,,
2021年08月17日,18時,84500,72000,66500,36000,33000,32000,18700,,
2021年08月17日,19時,84500,72000,66500,36000,33000,32000,18700,,
2021年08月17日,20時,84500,72000,66500,36000,33000,32000,18700,,
2021年08月17日,21時,84500,72000,66500,36000,33000,32000,18700,,
2021年08月17日,22時,84500,72000,66500,36000,33000,32000,18700,,
2021年08月17日,23時,84500,72000,66500,36000,33000,32000,18700,,
2021年08月18日,00時,84500,72000,66500,36000,33000,32000,18700,,
2021年08月18日,01時,84500,72000,66500,36000,33000,32000,18700,,
2021年08月18日,02時,84500,72000,66500,36000,33000,32000,18700,,
2021年08月18日,03時,84500,72000,66500,36000,33000,32000,18700,,
2021年08月18日,04時,84500,72000,66500,36000,33000,32000,18700,,
2021年08月18日,05時,84500,72000,66500,36000,33000,32000,18700,,
2021年08月18日,06時,84500,72000,66500,36000,33000,32000,18700,,
2021年08月18日,07時,84500,72000,66500,36000,33000,32000,18700,,
2021年08月18日,08時,84500,72000,66500,36000,33000,32000,18700,,
2021年08月18日,09時,84500,72000,66500,36000,33000,32000,18700,,
2021年08月18日,10時,84500,72000,66500,36000,33000,32000,18700,,
2021年08月18日,11時,84500,72000,66500,36000,33000,32000,18700,,
2021年08月18日,12時,84500,72000,66500,36000,33000,32000,18700,,
2021年08月18日,13時,84500,72000,66500,36000,33000,32000,18700,,
2021年08月18日,14時,84500,72000,66500,36000,33000,32000,18700,,
2021年08月18日,15時,85000,72000,66500,36000,33000,32000,18700,,
2021年08月18日,16時,85000,72000,66500,36000,33000,32000,18700,,
2021年08月18日,17時,85000,72000,66500,36000,33000,32000,18700,,
2021年08月18日,18時,85000,72000,66500,36000,33000,32000,18700,,
2021年08月18日,19時,85000,72000,66500,36000,33000,32000,18700,,
2021年08月18日,20時,85000,72000,66500,36000,33000,32000,18700,,
2021年08月18日,21時,85000,72000,66500,36000,33000,32000,18700,,
2021年08月18日,22時,85000,72000,66500,36000,33000,32000,18700,,
2021年08月18日,23時,85000,72000,66500,36000,33000,32000,18700,,
2021年08月19日,00時,85000,72000,66500,36000,33000,32000,18700,,
2021年08月19日,01時,85000,72000,66500,36000,33000,32000,18700,,
2021年08月19日,02時,85000,72000,66500,36000,33000,32000,18700,,
2021年08月19日,03時,85000,72000,66500,36000,33000,32000,18700,,
2021年08月19日,04時,85000,72000,66500,36000,33000,32000,18700,,
2021年08月19日,05時,85000,72000,66500,36000,33000,32000,18700,,
2021年08月19日,06時,85000,72000,66500,36000,33000,32000,18700,,
2021年08月19日,07時,85000,72000,66500,36000,33000,32000,18700,,
2021年08月19日,08時,85000,72000,66500,36000,33000,32000,18700,,
2021年08月19日,09時,85000,72000,66500,36000,33000,32000,18700,,
2021年08月19日,10時,85000,72000,66500,36000,33000,32000,18700,,
2021年08月19日,11時,85000,72000,66500,36000,33000,32000,18700,,
2021年08月19日,12時,85000,72000,66500,36000,33000,32000,18700,,
2021年08月19日,13時,85000,72000,66500,36000,33000,32000,18700,,
2021年08月19日,14時,85000,72000,66500,36000,33000,32000,18700,,
2021年08月19日,15時,85000,72000,66500,36000,33000,32000,18700,,
2021年08月19日,16時,85000,72000,66500,36000,33000,32000,18700,,
2021年08月19日,17時,85000,72000,66500,36000,33000,32000,18700,,
2021年08月19日,18時,85000,72000,66500,36000,33000,32000,18700,,
2021年08月19日,19時,85000,72000,66500,36000,33000,32000,18700,,
2021年08月19日,20時,85000,72000,66500,36000,33000,32000,18700,,
2021年08月19日,21時,85000,72000,66500,36000,33000,32000,18700,,
2021年08月19日,22時,85000,72000,66500,36000,33000,32000,18700,,
2021年08月19日,23時,85000,72000,66500,36000,33000,32000,18700,,
2021年08月20日,00時,85000,72000,66500,36000,33000,32000,18700,,
2021年08月20日,01時,85000,72000,66500,36000,33000,32000,18700,,
2021年08月20日,02時,85000,72000,66500,36000,33000,32000,18700,,
2021年08月20日,03時,85000,72000,66500,36000,33000,32000,18700,,
2021年08月20日,04時,85000,72000,66500,36000,33000,32000,18700,,
2021年08月20日,05時,85000,72000,66500,36000,33000,32000,18700,,
2021年08月20日,06時,85000,72000,66500,36000,33000,32000,18700,,
2021年08月20日,07時,85000,72000,66500,36000,33000,32000,18700,,
2021年08月20日,08時,85000,72000,66500,36000,33000,32000,18700,,
2021年08月20日,09時,85000,72000,66500,36000,33000,32000,18700,,
2021年08月20日,10時,85000,72000,66500,36000,33000,32000,18700,,
2021年08月20日,11時,85000,72000,66500,36000,33000,32000,18700,,
2021年08月20日,12時,85000,72000,66500,36000,33000,32000,18700,,
2021年08月20日,13時,86500,72500,66500,36000,33000,32000,18700,,
2021年08月20日,14時,86500,72500,66500,36000,33000,32000,18700,,
2021年08月20日,15時,86500,72500,66500,36000,33000,32000,18700,,
2021年08月20日,16時,86000,72500,66500,36000,33000,32000,18700,,
2021年08月20日,17時,86000,72500,66500,36000,33000,32000,18700,,
2021年08月20日,18時,86000,72500,66500,36000,33000,32000,18700,,
2021年08月20日,19時,86000,72500,66500,36000,33000,32000,18700,,
2021年08月20日,20時,86000,72500,66500,36000,33000,32000,18700,,
2021年08月20日,21時,86000,72500,66500,36000,33000,32000,18700,,
2021年08月20日,22時,86000,72500,66500,36000,33000,32000,18700,,
2021年08月20日,23時,86000,72500,66500,36000,33000,32000,18700,,
2021年08月21日,00時,86000,72500,66500,36000,33000,32000,18700,,
2021年08月21日,01時,86000,72500,66500,36000,33000,32000,18700,,
2021年08月21日,02時,86000,72500,66500,36000,33000,32000,18700,,
2021年08月21日,03時,86000,72500,66500,36000,33000,32000,18700,,
2021年08月21日,04時,86000,72500,66500,36000,33000,32000,18700,,
2021年08月21日,05時,86000,72500,66500,36000,33000,32000,18700,,
2021年08月21日,06時,86000,72500,66500,36000,33000,32000,18700,,
2021年08月21日,07時,86000,72500,66500,36000,33000,32000,18700,,
2021年08月21日,08時,86000,72500,66500,36000,33000,32000,18700,,
2021年08月21日,09時,86000,72500,66500,36000,33000,32000,18700,,
2021年08月21日,10時,86000,72500,66500,36000,33000,32000,18700,,
2021年08月21日,11時,86000,72500,66500,36000,33000,32000,18700,,
2021年08月21日,12時,86000,72500,66500,36000,33000,32000,18700,,
2021年08月21日,13時,86000,72500,66500,36000,33000,32000,18700,,
2021年08月21日,14時,86000,72500,66500,36000,33000,32000,18700,,
2021年08月21日,15時,86000,72000,66500,36000,33000,32000,18700,,
2021年08月21日,16時,86000,72000,66500,36000,33000,32000,18700,,
2021年08月21日,17時,86000,72000,66500,36000,33000,32000,18700,,
2021年08月21日,18時,86000,72000,66500,36000,33000,32000,18700,,
2021年08月21日,19時,86100,72000,66500,36000,33000,32000,18700,,
2021年08月21日,20時,86100,72000,66500,36000,33000,32000,18700,,
2021年08月21日,21時,86100,72000,66500,36000,33000,32000,18700,,
2021年08月21日,22時,86100,72000,66500,36000,33000,32000,18700,,
2021年08月21日,23時,86100,72000,66500,36000,33000,32000,18700,,
2021年08月22日,00時,86100,72000,66500,36000,33000,32000,18700,,
2021年08月22日,01時,86100,72000,66500,36000,33000,32000,18700,,
2021年08月22日,02時,86100,72000,66500,36000,33000,32000,18700,,
2021年08月22日,03時,86100,72000,66500,36000,33000,32000,18700,,
2021年08月22日,04時,86100,72000,66500,36000,33000,32000,18700,,
2021年08月22日,05時,86100,72000,66500,36000,33000,32000,18700,,
2021年08月22日,06時,86100,72000,66500,36000,33000,32000,18700,,
2021年08月22日,07時,86100,72000,66500,36000,33000,32000,18700,,
2021年08月22日,08時,86100,72000,66500,36000,33000,32000,18700,,
2021年08月22日,09時,86100,72000,66500,36000,33000,32000,18700,,
2021年08月22日,10時,86100,72000,66500,36000,33000,32000,18700,,
2021年08月22日,11時,86100,72000,66500,36000,33000,32000,18700,,
2021年08月22日,12時,86100,72000,66500,36000,33000,32000,18700,,
2021年08月22日,13時,86100,72000,66500,36000,33000,32000,18700,,
2021年08月22日,14時,86100,72000,66500,36000,33000,32000,18700,,
2021年08月22日,15時,86100,72000,66500,36000,33000,32000,18700,,
2021年08月22日,16時,86100,72000,66500,36000,33000,32000,18700,,
2021年08月22日,17時,86100,72000,66500,36000,33000,32000,18700,,
2021年08月22日,18時,86100,72000,66500,36000,33000,32000,18700,,
2021年08月22日,19時,86100,72000,66500,36000,33000,32000,18700,,
2021年08月22日,20時,86100,72000,66500,36000,33000,32000,18700,,
2021年08月22日,21時,86100,72000,66500,36000,33000,32000,18700,,
2021年08月22日,22時,86100,72000,66500,36000,33000,32000,18700,,
2021年08月22日,23時,86100,72000,66500,36000,33000,32000,18700,,
2021年08月23日,00時,86100,72000,66500,36000,33000,32000,18700,,
2021年08月23日,01時,86100,72000,66500,36000,33000,32000,18700,,
2021年08月23日,02時,86100,72000,66500,36000,33000,32000,18700,,
2021年08月23日,03時,86100,72000,66500,36000,33000,32000,18700,,
2021年08月23日,04時,86100,72000,66500,36000,33000,32000,18700,,
2021年08月23日,05時,86100,72000,66500,36000,33000,32000,18700,,
2021年08月23日,06時,86100,72000,66500,36000,33000,32000,18700,,
2021年08月23日,07時,86100,72000,66500,36000,33000,32000,18700,,
2021年08月23日,08時,86100,72000,66500,36000,33000,32000,18700,,
2021年08月23日,09時,86100,72000,66500,36000,33000,32000,18700,,
2021年08月23日,10時,86100,72000,66500,36000,33000,32000,18700,,
2021年08月23日,11時,86100,72000,66500,36000,33000,32000,18700,,
2021年08月23日,12時,86100,72000,66500,36000,32700,32000,18700,,
2021年08月23日,13時,86100,72000,66500,36000,32700,32000,18700,,
2021年08月23日,14時,86100,72000,66500,36000,32700,32000,18700,,
2021年08月23日,15時,86000,71500,66500,36000,32500,32000,18700,,
2021年08月23日,16時,86000,71500,66500,36000,32500,31500,18700,,
2021年08月23日,17時,86000,71500,66500,36000,32500,31500,18700,,
2021年08月23日,18時,86000,71500,66500,36000,32500,31500,18700,,
2021年08月23日,19時,85000,71000,66500,36000,32500,31500,18700,,
2021年08月23日,20時,85000,71000,66500,36000,32500,31500,18700,,
2021年08月23日,21時,85000,71000,66500,36000,32000,31500,18700,,
2021年08月23日,22時,85000,71000,66500,36000,32000,31500,18700,,
2021年08月23日,23時,85000,71000,66500,36000,32000,31500,18700,,
2021年08月24日,00時,85000,71000,66500,36000,32000,31500,18700,,
2021年08月24日,01時,85000,71000,66500,36000,32000,31500,18700,,
2021年08月24日,02時,85000,71000,66500,36000,32000,31500,18700,,
2021年08月24日,03時,85000,71000,66500,36000,32000,31500,18700,,
2021年08月24日,04時,85000,71000,66500,36000,32000,31500,18700,,
2021年08月24日,05時,85000,71000,66500,36000,32000,31500,18700,,
2021年08月24日,06時,85000,71000,66500,36000,32000,31500,18700,,
2021年08月24日,07時,85000,71000,66500,36000,32000,31500,18700,,
2021年08月24日,08時,85000,71000,66500,36000,32000,31500,18700,,
2021年08月24日,09時,85000,71000,66500,36000,32000,31500,18700,,
2021年08月24日,10時,85000,71000,66500,36000,32000,31500,18700,,
2021年08月24日,11時,85000,71000,66500,36000,32000,31500,18700,,
2021年08月24日,12時,85000,71000,66500,36000,32000,31500,18700,,
2021年08月24日,13時,85000,71000,66500,36000,32000,31500,18700,,
2021年08月24日,14時,85000,71000,66500,36000,32000,31500,18700,,
2021年08月24日,15時,85000,71000,66500,36000,32000,31500,18700,,
2021年08月24日,16時,85000,71000,66500,36000,32000,31500,18700,,
2021年08月24日,17時,85000,71000,66500,36000,32000,31500,18700,,
2021年08月24日,18時,85000,71000,66500,36000,32000,31500,18700,,
2021年08月24日,19時,85000,71000,66500,36000,32000,31500,18700,,
2021年08月24日,20時,85000,71000,66500,36000,32000,31500,18700,,
2021年08月24日,21時,85000,71000,66500,36000,32000,31500,18700,,
2021年08月24日,22時,85000,71000,66500,36000,32000,31500,18700,,
2021年08月24日,23時,85000,71000,66500,36000,32000,31500,18700,,
2021年08月25日,00時,85000,71000,66500,36000,32000,31500,18700,,
2021年08月25日,01時,85000,71000,66500,36000,32000,31500,18700,,
2021年08月25日,02時,85000,71000,66500,36000,32000,31500,18700,,
2021年08月25日,03時,85000,71000,66500,36000,32000,31500,18700,,
2021年08月25日,04時,85000,71000,66500,36000,32000,31500,18700,,
2021年08月25日,05時,85000,71000,66500,36000,32000,31500,18700,,
2021年08月25日,06時,85000,71000,66500,36000,32000,31500,18700,,
2021年08月25日,07時,85000,71000,66500,36000,32000,31500,18700,,
2021年08月25日,08時,85000,71000,66500,36000,32000,31500,18700,,
2021年08月25日,09時,85000,71000,66500,36000,32000,31500,18700,,
2021年08月25日,10時,85000,71000,66500,36000,32000,31500,18700,,
2021年08月25日,11時,85000,71500,66500,36000,32000,31500,18700,,
2021年08月25日,12時,85000,71500,66500,36000,32000,31500,18700,,
2021年08月25日,13時,85000,71500,66500,36000,32000,31500,18700,,
2021年08月25日,14時,84000,71500,66500,36000,32000,31500,18700,,
2021年08月25日,15時,84000,71500,66500,36000,32000,31500,18700,,
2021年08月25日,16時,84000,71500,66500,36000,32000,31500,18700,,
2021年08月25日,17時,84000,71500,66500,36000,32000,31500,18700,,
2021年08月25日,18時,84000,71500,66500,36000,32000,31500,18700,,
2021年08月25日,19時,84000,71500,66500,36000,32000,31500,18700,,
2021年08月25日,20時,84000,71500,66500,36000,32000,31500,18700,,
2021年08月25日,21時,83000,70000,66500,36000,32000,31500,18700,,
2021年08月25日,22時,83000,70000,66500,36000,32000,31500,18700,,
2021年08月25日,23時,83000,70000,66500,36000,32000,31500,18700,,
2021年08月26日,00時,83000,70000,66500,36000,32000,31500,18700,,
2021年08月26日,01時,83000,70000,66500,36000,32000,31500,18700,,
2021年08月26日,02時,83000,70000,66500,36000,32000,31500,18700,,
2021年08月26日,03時,83000,70000,66500,36000,32000,31500,18700,,
2021年08月26日,04時,83000,70000,66500,36000,32000,31500,18700,,
2021年08月26日,05時,83000,70000,66500,36000,32000,31500,18700,,
2021年08月26日,06時,83000,70000,66500,36000,32000,31500,18700,,
2021年08月26日,07時,83000,70000,66500,36000,32000,31500,18700,,
2021年08月26日,08時,83000,70000,66500,36000,32000,31500,18700,,
2021年08月26日,09時,83000,70000,66500,36000,32000,31500,18700,,
2021年08月26日,10時,83000,70000,66500,36000,32000,31500,18700,,
2021年08月26日,11時,83000,70000,66500,36000,32000,31500,18700,,
2021年08月26日,12時,83000,70000,66500,36000,32000,31500,18700,,
2021年08月26日,13時,83000,70000,66500,36000,32000,31500,18700,,
2021年08月26日,14時,83000,70000,66500,36000,32000,31500,18700,,
2021年08月26日,15時,83000,70000,66500,36000,32000,31500,18700,,
2021年08月26日,16時,83000,70000,66500,36000,32000,31500,18700,,
2021年08月26日,17時,83000,70000,66500,36000,31500,31000,18700,,
2021年08月26日,18時,83000,70000,66500,36000,31500,31000,18700,,
2021年08月26日,19時,83000,70000,66500,36000,31500,31000,18700,,
2021年08月26日,20時,83000,70000,66500,36000,31500,31000,18700,,
2021年08月26日,21時,83000,70000,66500,36000,31500,31000,18700,,
2021年08月26日,22時,83000,70000,66500,36000,31500,31000,18700,,
2021年08月26日,23時,81000,69000,66500,36000,31500,30500,18700,,
2021年08月27日,00時,81000,69000,66500,36000,31500,30500,18700,,
2021年08月27日,01時,81000,69000,66500,36000,31500,30500,18700,,
2021年08月27日,02時,81000,69000,66500,36000,31500,30500,18700,,
2021年08月27日,03時,81000,69000,66500,36000,31500,30500,18700,,
2021年08月27日,04時,81000,69000,66500,36000,31500,30500,18700,,
2021年08月27日,05時,81000,69000,66500,36000,31500,30500,18700,,
2021年08月27日,06時,81000,69000,66500,36000,31500,30500,18700,,
2021年08月27日,07時,81000,69000,66500,36000,31500,30500,18700,,
2021年08月27日,08時,81000,69000,66500,36000,31500,30500,18700,,
2021年08月27日,09時,81000,69000,66500,36000,31500,30500,18700,,
2021年08月27日,10時,81000,69000,66500,36000,31500,30500,18700,,
2021年08月27日,11時,81000,69000,66500,36000,31500,30500,18700,,
2021年08月27日,12時,83000,70000,66500,36000,31500,30500,18700,,
2021年08月27日,13時,83000,70000,66500,36000,31500,30500,18700,,
2021年08月27日,14時,83000,70000,66500,36000,31500,30500,18700,,
2021年08月27日,15時,83000,70000,68000,36000,31500,30500,18700,,
2021年08月27日,16時,83000,70000,68000,36000,31500,30500,18700,,
2021年08月27日,17時,83000,70000,68000,36000,31500,30500,18700,,
2021年08月27日,18時,83000,70000,68000,36000,31500,30500,18700,,
2021年08月27日,19時,83000,70000,68000,36000,31500,30500,18700,,
2021年08月27日,20時,83000,70000,68000,36000,31500,30500,18700,,
2021年08月27日,21時,83000,70000,68000,36000,31500,30500,18700,,
2021年08月27日,22時,86000,72100,68000,36000,31500,30500,18700,,
2021年08月27日,23時,86000,72100,68000,36000,31500,30500,18700,,
2021年08月28日,00時,86000,72100,68000,36000,31500,30500,18700,,
2021年08月28日,01時,86000,72100,68000,36000,31500,30500,18700,,
2021年08月28日,02時,86000,72100,68000,36000,31500,30500,18700,,
2021年08月28日,03時,86000,72100,68000,36000,31500,30500,18700,,
2021年08月28日,04時,86000,72100,68000,36000,31500,30500,18700,,
2021年08月28日,05時,86000,72100,68000,36000,31500,30500,18700,,
2021年08月28日,06時,86000,72100,68000,36000,31500,30500,18700,,
2021年08月28日,07時,86000,72100,68000,36000,31500,30500,18700,,
2021年08月28日,08時,86000,72100,68000,36000,31500,30500,18700,,
2021年08月28日,09時,86000,72100,68000,36000,31500,30500,18700,,
2021年08月28日,10時,86000,72100,68000,36000,31500,30500,18700,,
2021年08月28日,11時,86000,72100,68000,36000,31500,30500,18700,,
2021年08月28日,12時,86000,72100,68000,36000,31500,30500,18700,,
2021年08月28日,13時,83000,72100,68000,36000,31500,30500,18700,,
2021年08月28日,14時,83000,72100,68000,36000,31500,30500,18700,,
2021年08月28日,15時,83000,72100,68000,36000,31500,30500,18700,,
2021年08月28日,16時,83000,72100,68000,36000,31500,30500,18700,,
2021年08月28日,17時,83000,72100,68000,36000,31500,30500,18700,,
2021年08月28日,18時,83000,72100,68000,36000,31500,30500,18700,,
2021年08月28日,19時,83000,72100,68000,36000,31500,30500,18700,,
2021年08月28日,20時,83000,72100,68000,36000,31500,30500,18700,,
2021年08月28日,21時,83000,72100,68000,36000,31500,30500,18700,,
2021年08月28日,22時,83000,72100,68000,36000,31500,30500,18700,,
2021年08月28日,23時,83000,72100,68000,36000,31500,30500,18700,,
2021年08月29日,00時,83000,72100,68000,36000,31500,30500,18700,,
2021年08月29日,01時,83000,72100,68000,36000,31500,30500,18700,,
2021年08月29日,02時,83000,72100,68000,36000,31500,30500,18700,,
2021年08月29日,03時,83000,72100,68000,36000,31500,30500,18700,,
2021年08月29日,04時,83000,72100,68000,36000,31500,30500,18700,,
2021年08月29日,05時,83000,72100,68000,36000,31500,30500,18700,,
2021年08月29日,06時,83000,72100,68000,36000,31500,30500,18700,,
2021年08月29日,07時,83000,72100,68000,36000,31500,30500,18700,,
2021年08月29日,08時,83000,72100,68000,36000,31500,30500,18700,,
2021年08月29日,09時,83000,72100,68000,36000,31500,30500,18700,,
2021年08月29日,10時,83000,72100,68000,36000,31500,30500,18700,,
2021年08月29日,11時,83000,72100,68000,36000,31500,30500,18700,,
2021年08月29日,12時,83000,72100,68000,36000,31500,30500,18700,,
2021年08月29日,13時,83000,72100,68000,36000,31500,30500,18700,,
2021年08月29日,14時,83000,72100,68000,36000,31500,30500,18700,,
2021年08月29日,15時,83000,72100,68000,36000,31500,30500,18700,,
2021年08月29日,16時,83000,72100,68000,36000,31500,30500,18700,,
2021年08月29日,17時,83000,72100,68000,36000,31500,30500,18700,,
2021年08月29日,18時,83000,72100,68000,36000,31500,30500,18700,,
2021年08月29日,19時,83000,72100,68000,36000,31500,30500,18700,,
2021年08月29日,20時,83000,72100,68000,36000,31500,30500,18700,,
2021年08月29日,21時,83000,72100,68000,36000,31500,30500,18700,,
2021年08月29日,22時,83000,72100,68000,36000,31500,30500,18700,,
2021年08月29日,23時,83000,72100,68000,36000,31500,30500,18700,,
2021年08月30日,00時,83000,72100,68000,36000,31500,30500,18700,,
2021年08月30日,01時,83000,72100,68000,36000,31500,30500,18700,,
2021年08月30日,02時,83000,69000,68000,36000,31500,30500,18700,,
2021年08月30日,03時,83000,69000,68000,36000,31500,30500,18700,,
2021年08月30日,04時,83000,69000,68000,36000,31500,30500,18700,,
2021年08月30日,05時,83000,69000,68000,36000,31500,30500,18700,,
2021年08月30日,06時,83000,69000,68000,36000,31500,30500,18700,,
2021年08月30日,07時,83000,69000,68000,36000,31500,30500,18700,,
2021年08月30日,08時,83000,69000,68000,36000,31500,30500,18700,,
2021年08月30日,09時,83000,69000,68000,36000,31500,30500,18700,,
2021年08月30日,10時,83000,69000,68000,36000,31500,30500,18700,,
2021年08月30日,11時,83000,69000,68000,36000,31500,30500,18700,,
2021年08月30日,12時,83000,69000,68000,36000,31500,30500,18700,,
2021年08月30日,13時,83000,69000,68000,36000,31500,30500,18700,,
2021年08月30日,14時,83000,69000,68000,36000,31500,30500,18700,,
2021年08月30日,15時,81000,68000,68000,36000,31500,30500,18700,,
2021年08月30日,16時,81000,68000,68000,36000,31500,30500,18700,,
2021年08月30日,17時,81000,68000,68000,36000,31500,30500,18700,,
2021年08月30日,18時,81000,68000,68000,36000,31500,30500,18700,,
2021年08月30日,19時,81000,68000,68000,36000,31500,30500,18700,,
2021年08月30日,20時,81000,68000,68000,36000,31500,30500,18700,,
2021年08月30日,21時,81000,68000,68000,36000,31500,30500,18700,,
2021年08月30日,22時,81000,68000,68000,36000,31500,30500,18700,,
2021年08月30日,23時,81000,68000,68000,36000,31500,30500,18700,,
2021年08月31日,00時,81000,68000,68000,36000,31500,30500,18700,,
2021年08月31日,01時,81000,68000,68000,36000,31500,30500,18700,,
2021年08月31日,02時,81000,68000,68000,36000,31500,30500,18700,,
2021年08月31日,03時,81000,68000,68000,36000,31500,30500,18700,,
2021年08月31日,04時,81000,68000,68000,36000,31500,30500,18700,,
2021年08月31日,05時,81000,68000,68000,36000,31500,30500,18700,,
2021年08月31日,06時,81000,68000,68000,36000,31500,30500,18700,,
2021年08月31日,07時,81000,68000,68000,36000,31500,30500,18700,,
2021年08月31日,08時,81000,68000,68000,36000,31500,30500,18700,,
2021年08月31日,09時,81000,68000,68000,36000,31500,30500,18700,,
2021年08月31日,10時,81000,68000,68000,36000,31500,30500,18700,,
2021年08月31日,11時,81000,68000,68000,36000,31500,30500,18700,,
2021年08月31日,12時,81000,68000,68000,36000,31500,30500,18700,,
2021年08月31日,13時,80000,68000,68000,36000,31500,30500,18700,,
2021年08月31日,14時,80000,68000,68000,36000,31500,30500,18700,,
2021年08月31日,15時,80000,68000,68000,36000,31500,30500,18700,,
2021年08月31日,16時,80000,68000,68000,36000,31500,30500,18700,,
2021年08月31日,17時,81000,70000,68000,36000,31500,30500,18700,,
2021年08月31日,18時,81000,72000,68000,36000,31500,30500,18700,,
2021年08月31日,19時,81000,72000,68000,36000,31500,30500,18700,,
2021年08月31日,20時,81000,72000,68000,36000,31500,30500,18700,,
2021年08月31日,21時,81000,72100,68000,36000,31500,30500,18700,,
2021年08月31日,22時,81000,72100,68000,36000,31500,30500,18700,,
2021年08月31日,23時,81000,72100,68000,36000,31500,30500,18700,,
2021年09月01日,00時,81000,72100,68000,36000,31500,30500,18700,,
2021年09月01日,01時,81000,72100,68000,36000,31500,30500,18700,,
2021年09月01日,02時,81000,72100,68000,36000,31500,30500,18700,,
2021年09月01日,03時,81000,72100,68000,36000,31500,30500,18700,,
2021年09月01日,04時,81000,72100,68000,36000,31500,30500,18700,,
2021年09月01日,05時,81000,72100,68000,36000,31500,30500,18700,,
2021年09月01日,06時,81000,72100,68000,36000,31500,30500,18700,,
2021年09月01日,07時,81000,72100,68000,36000,31500,30500,18700,,
2021年09月01日,08時,81000,72100,68000,36000,31500,30500,18700,,
2021年09月01日,09時,81000,72100,68000,36000,31500,30500,18700,,
2021年09月01日,10時,81000,72100,68000,36000,31500,30500,18700,,
2021年09月01日,11時,81000,72100,68000,36000,31500,30500,18700,,
2021年09月01日,12時,81000,72100,68000,36000,31500,30500,18700,,
2021年09月01日,13時,81000,72100,68000,36000,31500,30500,18700,,
2021年09月01日,14時,81000,72100,68000,36000,31500,30500,18700,,
2021年09月01日,15時,81000,72100,68000,36000,31500,30500,18700,,
2021年09月01日,16時,81000,72100,68000,36000,31500,30500,18700,,
2021年09月01日,17時,81000,72100,68000,36000,31500,30500,18700,,
2021年09月01日,18時,81000,72100,68000,36000,31500,30500,18700,,
2021年09月01日,19時,81000,72100,68000,36000,31500,30500,18700,,
2021年09月01日,20時,81000,72100,68000,36000,31500,30500,18700,,
2021年09月01日,21時,81000,72100,68000,36000,31500,30500,18700,,
2021年09月01日,22時,81000,72100,68000,36000,31500,30500,18700,,
2021年09月01日,23時,81000,72100,68000,36000,31500,30500,18700,,
2021年09月02日,00時,81000,72100,68000,36000,31500,30500,18700,,
2021年09月02日,01時,81000,72100,68000,36000,31500,30500,18700,,
2021年09月02日,02時,81000,72100,68000,36000,31500,30500,18700,,
2021年09月02日,03時,81000,72100,68000,36000,31500,30500,18700,,
2021年09月02日,04時,81000,72100,68000,36000,31500,30500,18700,,
2021年09月02日,05時,81000,72100,68000,36000,31500,30500,18700,,
2021年09月02日,06時,81000,72100,68000,36000,31500,30500,18700,,
2021年09月02日,07時,81000,72100,68000,36000,31500,30500,18700,,
2021年09月02日,08時,81000,72100,68000,36000,31500,30500,18700,,
2021年09月02日,09時,81000,72100,68000,36000,31500,30500,18700,,
2021年09月02日,10時,81000,72100,68000,36000,31500,30500,18700,,
2021年09月02日,11時,81000,72100,68000,36000,31500,30500,18700,,
2021年09月02日,12時,81000,72100,68000,36000,31500,30500,18700,,
2021年09月02日,13時,81000,72500,68000,36000,31500,30500,19000,,
2021年09月02日,14時,81000,73100,68000,36000,31500,30500,19000,,
2021年09月02日,15時,81000,73100,68000,36000,31500,30500,19000,,
2021年09月02日,16時,81000,73100,68000,36000,31500,30500,19000,,
2021年09月02日,17時,81000,73100,68000,36000,31500,30500,19000,,
2021年09月02日,18時,81000,73100,68000,36000,31500,30500,19000,,
2021年09月02日,19時,81000,73100,68000,36000,31500,30500,19000,,
2021年09月02日,20時,81000,73100,68000,36000,31500,30500,19000,,
2021年09月02日,21時,81000,73100,68000,36000,31500,30500,19000,,
2021年09月02日,22時,81000,73100,68000,36000,31500,30500,19000,,
2021年09月02日,23時,81000,73100,68000,36000,31500,30500,19000,,
2021年09月03日,00時,81000,73100,68000,36000,31500,30500,19000,,
2021年09月03日,01時,81000,73100,68000,36000,31500,30500,19000,,
2021年09月03日,02時,81000,73100,68000,36000,31500,30500,19000,,
2021年09月03日,03時,81000,73100,68000,36000,31500,30500,19000,,
2021年09月03日,04時,81000,73100,68000,36000,31500,30500,19000,,
2021年09月03日,05時,81000,73100,68000,36000,31500,30500,19000,,
2021年09月03日,06時,81000,73100,68000,36000,31500,30500,19000,,
2021年09月03日,07時,81000,73100,68000,36000,31500,30500,19000,,
2021年09月03日,08時,81000,73100,68000,36000,31500,30500,19000,,
2021年09月03日,09時,81000,73100,68000,36000,31500,30500,19000,,
2021年09月03日,10時,81000,73100,68000,36000,31500,30500,19000,,
2021年09月03日,11時,81000,73100,68000,36000,31500,30500,19000,,
2021年09月03日,12時,81000,73100,68000,36000,31500,30500,19000,,
2021年09月03日,13時,81000,73100,68000,36000,31500,30500,19000,,
2021年09月03日,14時,81000,73100,67000,35000,31500,30500,19000,,
2021年09月03日,15時,81000,73100,67000,35000,31500,30500,19000,,
2021年09月03日,16時,81000,73100,67000,35000,31500,30500,19000,,
2021年09月03日,17時,81000,73100,67000,35000,31500,30500,19000,,
2021年09月03日,18時,81000,73100,67000,35000,31500,30500,19000,,
2021年09月03日,19時,81000,73100,67000,35000,31500,30500,19000,,
2021年09月03日,20時,81000,73100,67000,35000,31500,30500,19000,,
2021年09月03日,21時,81000,73100,67000,35000,31500,30500,19000,,
2021年09月03日,22時,81000,73100,67000,35000,31500,30500,19000,,
2021年09月03日,23時,81000,73100,67000,35000,31500,30500,19000,,
2021年09月04日,00時,81000,73100,67000,35000,31500,30500,19000,,
2021年09月04日,01時,81000,73100,67000,35000,31500,30500,19000,,
2021年09月04日,02時,81000,73100,67000,35000,31500,30500,19000,,
2021年09月04日,03時,81000,70000,67000,35000,31500,30500,19000,,
2021年09月04日,04時,81000,70000,67000,35000,31500,30500,19000,,
2021年09月04日,05時,81000,70000,67000,35000,31500,30500,19000,,
2021年09月04日,06時,81000,70000,67000,35000,31500,30500,19000,,
2021年09月04日,07時,81000,70000,67000,35000,31500,30500,19000,,
2021年09月04日,08時,81000,70000,67000,35000,31500,30500,19000,,
2021年09月04日,09時,81000,70000,67000,35000,31500,30500,19000,,
2021年09月04日,10時,81000,70000,67000,35000,31500,30500,19000,,
2021年09月04日,11時,81000,70000,67000,35000,31500,30500,19000,,
2021年09月04日,12時,81000,71000,67000,35000,31500,30500,19000,,
2021年09月04日,13時,81000,71000,67000,35000,31500,30500,19000,,
2021年09月04日,14時,81000,71000,67000,35000,31500,30500,19000,,
2021年09月04日,15時,81000,71000,67000,35000,31500,30500,19000,,
2021年09月04日,16時,81000,71000,67000,35000,31500,30500,19000,,
2021年09月04日,17時,81000,71000,67000,35000,31500,30500,19000,,
2021年09月04日,18時,81000,71000,67000,35000,31500,30500,19000,,
2021年09月04日,19時,81000,71000,67000,35000,31500,30500,19000,,
2021年09月04日,20時,81000,71000,67000,35000,31500,30500,19000,,
2021年09月04日,21時,81000,71000,67000,35000,31500,30500,19000,,
2021年09月04日,22時,81000,71000,67000,35000,31500,30500,19000,,
2021年09月04日,23時,81000,71000,67000,35000,31500,30500,19000,,
2021年09月05日,00時,81000,71000,67000,35000,31500,30500,19000,,
2021年09月05日,01時,81000,71000,67000,35000,31500,30500,19000,,
2021年09月05日,02時,81000,71000,67000,35000,31500,30500,19000,,
2021年09月05日,03時,81000,71000,67000,35000,31500,30500,19000,,
2021年09月05日,04時,81000,71000,67000,35000,31500,30500,19000,,
2021年09月05日,05時,81000,71000,67000,35000,31500,30500,19000,,
2021年09月05日,06時,81000,71000,67000,35000,31500,30500,19000,,
2021年09月05日,07時,81000,71000,67000,35000,31500,30500,19000,,
2021年09月05日,08時,81000,71000,67000,35000,31500,30500,19000,,
2021年09月05日,09時,81000,71000,67000,35000,31500,30500,19000,,
2021年09月05日,10時,81000,71000,67000,35000,31500,30500,19000,,
2021年09月05日,11時,81000,71000,67000,35000,31500,30500,19000,,
2021年09月05日,12時,81000,71000,67000,35000,31500,30500,19000,,
2021年09月05日,13時,81000,71000,67000,35000,31500,30500,19000,,
2021年09月05日,14時,81000,71000,67000,35000,31500,30500,19000,,
2021年09月05日,15時,81000,71000,67000,35000,31500,30500,19000,,
2021年09月05日,16時,81000,71000,67000,35000,31500,30500,19000,,
2021年09月05日,17時,81000,71000,67000,35000,31500,30500,19100,,
2021年09月05日,18時,81000,71000,67000,35000,31500,30500,19100,,
2021年09月05日,19時,81000,71000,67000,35000,31500,30500,19100,,
2021年09月05日,20時,81000,71000,67000,35000,31500,30500,19100,,
2021年09月05日,21時,81000,71000,67000,35000,31500,30500,19100,,
2021年09月05日,22時,81000,71000,67000,35000,31500,30500,19100,,
2021年09月05日,23時,84000,71000,67000,35000,31500,30500,19100,,
2021年09月06日,00時,84000,71000,67000,35000,31500,30500,19100,,
2021年09月06日,01時,84000,71000,67000,35000,31500,30500,19100,,
2021年09月06日,02時,84000,71000,67000,35000,31500,30500,19100,,
2021年09月06日,03時,84000,71000,67000,35000,31500,30500,19100,,
2021年09月06日,04時,84000,71000,67000,35000,31500,30500,19100,,
2021年09月06日,05時,84000,71000,67000,35000,31500,30500,19100,,
2021年09月06日,06時,84000,71000,67000,35000,31500,30500,19100,,
2021年09月06日,07時,84000,71000,67000,35000,31500,30500,19100,,
2021年09月06日,08時,84000,71000,67000,35000,31500,30500,19100,,
2021年09月06日,09時,84000,71000,67000,35000,31500,30500,19100,,
2021年09月06日,10時,84000,71000,67000,35000,31500,30500,19100,,
2021年09月06日,11時,84000,71000,67000,35000,31500,30500,19100,,
2021年09月06日,12時,84000,73000,67000,35000,31500,30500,19100,,
2021年09月06日,13時,84000,73000,67000,35000,31500,30500,19100,,
2021年09月06日,14時,84000,73000,67000,35000,31500,30500,19100,,
2021年09月06日,15時,84100,73000,67000,35000,31500,30500,19100,,
2021年09月06日,16時,84100,73000,67000,35000,31500,30500,19100,,
2021年09月06日,17時,84100,73000,67000,35000,31500,30500,19100,,
2021年09月06日,18時,84100,73000,67000,35000,31500,30500,19100,,
2021年09月06日,19時,84100,73000,67000,35000,31500,30500,19100,,
2021年09月06日,20時,84100,73000,67000,35000,31500,30500,19100,,
2021年09月06日,21時,84100,73000,67000,35000,31500,30500,19100,,
2021年09月06日,22時,84100,73000,67000,35000,31500,30500,19100,,
2021年09月06日,23時,84100,73000,67000,35000,31500,30500,19100,,
2021年09月07日,00時,84100,73000,67000,35000,31500,30500,19100,,
2021年09月07日,01時,84100,73000,67000,35000,31500,30500,19100,,
2021年09月07日,02時,84100,73000,67000,35000,31500,30500,19100,,
2021年09月07日,03時,84100,73000,67000,35000,31500,30500,19100,,
2021年09月07日,04時,84100,73000,67000,35000,31500,30500,19100,,
2021年09月07日,05時,84100,73000,67000,35000,31500,30500,19100,,
2021年09月07日,06時,84100,73000,67000,35000,31500,30500,19100,,
2021年09月07日,07時,84100,73000,67000,35000,31500,30500,19100,,
2021年09月07日,08時,84100,73000,67000,35000,31500,30500,19100,,
2021年09月07日,09時,84100,73000,67000,35000,31500,30500,19100,,
2021年09月07日,10時,84100,73000,67000,35000,31500,30500,19100,,
2021年09月07日,11時,84100,73000,67000,35000,31500,30500,19100,,
2021年09月07日,12時,84100,73000,67000,35000,31500,30500,19200,,
2021年09月07日,13時,84100,73000,67000,35000,31500,30500,19200,,
2021年09月07日,14時,84100,73000,67000,35000,31500,30500,19200,,
2021年09月07日,15時,84100,73000,67000,35000,31500,30500,19200,,
2021年09月07日,16時,84100,73500,67000,35000,31500,30500,19200,,
2021年09月07日,17時,84100,73500,67000,35000,31500,30500,19200,,
2021年09月07日,18時,84100,73500,67000,35000,31500,30500,19200,,
2021年09月07日,19時,84100,73500,67000,35000,31500,30500,19200,,
2021年09月07日,20時,84100,73500,67000,35000,31500,30500,19200,,
2021年09月07日,21時,84100,73500,67000,35000,31500,30500,19200,,
2021年09月07日,22時,84100,73500,67000,35000,31500,30500,19200,,
2021年09月07日,23時,84100,73500,67000,35000,31500,30500,19200,,
2021年09月08日,00時,84100,73500,67000,35000,31500,30500,19200,,
2021年09月08日,01時,84100,73500,67000,35000,31500,30500,19200,,
2021年09月08日,02時,84100,73500,67000,35000,31500,30500,19200,,
2021年09月08日,03時,84100,73500,67000,35000,31500,30500,19200,,
2021年09月08日,04時,84100,73500,67000,35000,31500,30500,19200,,
2021年09月08日,05時,84100,73500,67000,35000,31500,30500,19200,,
2021年09月08日,06時,84100,73500,67000,35000,31500,30500,19200,,
2021年09月08日,07時,84100,73500,67000,35000,31500,30500,19200,,
2021年09月08日,08時,84100,73500,67000,35000,31500,30500,19200,,
2021年09月08日,09時,84100,73500,67000,35000,31500,30500,19200,,
2021年09月08日,10時,84100,73500,67000,35000,31500,30500,19200,,
2021年09月08日,11時,84100,73500,67000,35000,31500,30500,19200,,
2021年09月08日,12時,84100,73500,67000,35000,31500,30500,19200,,
2021年09月08日,13時,84100,73500,67000,35000,31500,30500,19200,,
2021年09月08日,14時,84100,73500,67000,35000,31500,30500,19200,,
2021年09月08日,15時,85000,74000,67000,35000,31500,30500,19200,,
2021年09月08日,16時,85000,74000,67000,35000,31500,30500,19200,,
2021年09月08日,17時,85000,74000,67000,35000,31500,30500,19200,,
2021年09月08日,18時,85000,74000,67000,35000,31500,30500,19200,,
2021年09月08日,19時,85000,74000,67000,35000,31500,30500,19200,,
2021年09月08日,20時,85000,74000,67000,35000,31500,30500,19200,,
2021年09月08日,21時,85000,74000,67000,35000,31500,30500,19200,,
2021年09月08日,22時,85000,74000,67000,35000,31500,30500,19200,,
2021年09月08日,23時,85000,74000,67000,35000,31500,30500,19200,,
2021年09月09日,00時,85000,74000,67000,35000,31500,30500,19200,,
2021年09月09日,01時,85000,74000,67000,35000,31500,30500,19200,,
2021年09月09日,02時,85000,74000,67000,35000,31500,30500,19200,,
2021年09月09日,03時,85000,74000,67000,35000,31500,30500,19200,,
2021年09月09日,04時,85000,74000,67000,35000,31500,30500,19200,,
2021年09月09日,05時,85000,74000,67000,35000,31500,30500,19200,,
2021年09月09日,06時,85000,74000,67000,35000,31500,30500,19200,,
2021年09月09日,07時,85000,74000,67000,35000,31500,30500,19200,,
2021年09月09日,08時,85000,74000,67000,35000,31500,30500,19200,,
2021年09月09日,09時,85000,74000,67000,35000,31500,30500,19200,,
2021年09月09日,10時,85000,74000,67000,35000,31500,30500,19200,,
2021年09月09日,11時,85000,74000,67000,35000,31500,30500,19200,,
2021年09月09日,12時,85000,74000,67000,35000,31500,30500,19200,,
2021年09月09日,13時,85000,74000,67000,35000,31500,30500,19200,,
2021年09月09日,14時,85000,74000,67000,35000,31500,30500,19200,,
2021年09月09日,15時,85000,74000,67000,35000,31500,30500,19200,,
2021年09月09日,16時,85000,74000,67000,35000,31500,30500,19200,,
2021年09月09日,17時,85000,74000,67000,35000,31500,30500,19200,,
2021年09月09日,18時,85000,74000,67000,35000,31500,30500,19200,,
2021年09月09日,19時,85000,74000,67000,35000,31500,30500,19200,,
2021年09月09日,20時,85000,74000,67000,35000,31500,30500,19200,,
2021年09月09日,21時,85000,74000,67000,35000,31500,30500,19200,,
2021年09月09日,22時,85000,74000,67000,35000,31500,30500,19200,,
2021年09月09日,23時,85000,74000,67000,35000,31500,30500,19200,,
2021年09月10日,00時,85000,74000,67000,35000,31500,30500,19200,,
2021年09月10日,01時,85000,74000,67000,35000,31500,30500,19200,,
2021年09月10日,02時,85000,74000,67000,35000,31500,30500,19200,,
2021年09月10日,03時,85000,74000,67000,35000,31500,30500,19200,,
2021年09月10日,04時,85000,74000,67000,35000,31500,30500,19200,,
2021年09月10日,05時,85000,74000,67000,35000,31500,30500,19200,,
2021年09月10日,06時,85000,74000,67000,35000,31500,30500,19200,,
2021年09月10日,07時,85000,74000,67000,35000,31500,30500,19200,,
2021年09月10日,08時,85000,74000,67000,35000,31500,30500,19200,,
2021年09月10日,09時,85000,74000,67000,35000,31500,30500,19200,,
2021年09月10日,10時,85000,74000,67000,35000,31500,30500,19200,,
2021年09月10日,11時,85000,74000,67000,35000,31500,30500,19200,,
2021年09月10日,12時,85000,74000,67000,35000,31500,30500,19200,,
2021年09月10日,13時,85000,74000,67000,35000,31500,30500,19200,,
2021年09月10日,14時,85000,74000,67000,35000,31500,30500,19200,,
2021年09月10日,15時,85000,74000,67000,35000,31500,30500,19200,,
2021年09月10日,16時,85000,74000,67000,35000,31500,30500,19200,,
2021年09月10日,17時,85000,74000,67000,35000,31500,30500,19200,,
2021年09月10日,18時,85000,74000,67000,35000,31500,30500,19200,,
2021年09月10日,19時,85000,74000,67000,35000,31500,30500,19200,,
2021年09月10日,20時,85000,74000,67000,35000,31500,30500,19200,,
2021年09月10日,21時,85000,74000,67000,35000,31500,30500,19200,,
2021年09月10日,22時,85000,74000,67000,35000,31500,30500,19200,,
2021年09月10日,23時,85000,74000,67000,35000,31500,30500,19200,,
2021年09月11日,00時,85000,74000,67000,35000,31500,30500,19200,,
2021年09月11日,01時,85000,74000,67000,35000,31500,30500,19200,,
2021年09月11日,02時,85000,74000,67000,35000,31500,30500,19200,,
2021年09月11日,03時,85000,74000,67000,35000,31500,30500,19200,,
2021年09月11日,04時,85000,74000,67000,35000,31500,30500,19200,,
2021年09月11日,05時,85000,74000,67000,35000,31500,30500,19200,,
2021年09月11日,06時,85000,74000,67000,35000,31500,30500,19200,,
2021年09月11日,07時,85000,74000,67000,35000,31500,30500,19200,,
2021年09月11日,08時,85000,74000,67000,35000,31500,30500,19200,,
2021年09月11日,09時,85000,74000,67000,35000,31500,30500,19200,,
2021年09月11日,10時,85000,74000,67000,35000,31500,30500,19200,,
2021年09月11日,11時,85000,74000,67000,35000,31500,30500,19200,,
2021年09月11日,12時,85000,74000,67000,35000,31500,30500,19200,,
2021年09月11日,13時,85000,74000,67000,35000,31500,30500,19200,,
2021年09月11日,14時,85000,74000,68500,35000,31500,30500,19200,,
2021年09月11日,15時,85000,74000,68500,35000,31500,30500,19200,,
2021年09月11日,16時,85000,74000,68500,35000,31500,30500,19200,,
2021年09月11日,17時,85000,74000,68500,35000,31500,30500,19200,,
2021年09月11日,18時,85000,74000,68500,35000,31500,30500,19200,,
2021年09月11日,19時,85000,74000,68500,35000,31500,30500,19200,,
2021年09月11日,20時,85000,74000,68500,35000,31500,30500,19200,,
2021年09月11日,21時,85000,74000,68500,35000,31500,30500,19200,,
2021年09月11日,22時,85000,74000,68500,35000,31500,30500,19200,,
2021年09月11日,23時,85000,74000,68500,35000,31500,30500,19200,,
2021年09月12日,00時,85000,74000,68500,35000,31500,30500,19200,,
2021年09月12日,01時,85000,74000,68500,35000,31500,30500,19200,,
2021年09月12日,02時,85000,74000,68500,35000,31500,30500,19200,,
2021年09月12日,03時,85000,74000,68500,35000,31500,30500,19200,,
2021年09月12日,04時,85000,74000,68500,35000,31500,30500,19200,,
2021年09月12日,05時,85000,74000,68500,35000,31500,30500,19200,,
2021年09月12日,06時,85000,74000,68500,35000,31500,30500,19200,,
2021年09月12日,07時,85000,74000,68500,35000,31500,30500,19200,,
2021年09月12日,08時,85000,74000,68500,35000,31500,30500,19200,,
2021年09月12日,09時,85000,74000,68500,35000,31500,30500,19200,,
2021年09月12日,10時,85000,74000,68500,35000,31500,30500,19200,,
2021年09月12日,11時,85000,74000,68500,35000,31500,30500,19200,,
2021年09月12日,12時,85000,74000,68500,35000,31500,30500,19200,,
2021年09月12日,13時,85000,74000,68500,35000,31500,30500,19200,,
2021年09月12日,14時,85000,74000,68500,35000,31500,30500,19200,,
2021年09月12日,15時,85000,74000,68500,35000,31500,30500,19200,,
2021年09月12日,16時,85000,74000,68500,35000,31500,30500,19200,,
2021年09月12日,17時,85000,74000,68500,35000,31500,30500,19200,,
2021年09月12日,18時,85000,74000,68500,35000,31500,30500,19200,,
2021年09月12日,19時,85000,74000,68500,35000,31500,30500,19200,,
2021年09月12日,20時,85000,74000,68500,35000,31500,30500,19200,,
2021年09月12日,21時,85000,74000,68500,35000,31500,30500,19200,,
2021年09月12日,22時,85000,74000,68500,35000,31500,30500,19200,,
2021年09月12日,23時,85000,74000,68500,35000,31500,30500,19200,,
2021年09月13日,00時,85000,74000,68500,35000,31500,30500,19200,,
2021年09月13日,01時,85000,74000,68500,35000,31500,30500,19200,,
2021年09月13日,02時,85000,74000,68500,35000,31500,30500,19200,,
2021年09月13日,03時,85000,74000,68500,35000,31500,30500,19200,,
2021年09月13日,04時,85000,74000,68500,35000,31500,30500,19200,,
2021年09月13日,05時,85000,74000,68500,35000,31500,30500,19200,,
2021年09月13日,06時,85000,74000,68500,35000,31500,30500,19200,,
2021年09月13日,07時,85000,74000,68500,35000,31500,30500,19200,,
2021年09月13日,08時,85000,74000,68500,35000,31500,30500,19200,,
2021年09月13日,09時,85000,74000,68500,35000,31500,30500,19200,,
2021年09月13日,10時,85000,74000,68500,35000,31500,30500,19200,,
2021年09月13日,11時,85000,74000,68500,35000,30000,29000,19000,,
2021年09月13日,12時,85000,74000,67000,35000,30000,29000,19000,,
2021年09月13日,13時,85000,74000,67000,35000,30000,29000,19000,,
2021年09月13日,14時,85000,74000,67000,35000,30000,29000,18800,,
2021年09月13日,15時,85000,74000,67000,35000,30000,29000,18800,,
2021年09月13日,16時,85000,74000,67000,35000,30000,29000,18800,,
2021年09月13日,17時,85000,74000,67000,35000,30000,29000,18800,,
2021年09月13日,18時,85000,74000,67000,35000,30000,29000,18800,,
2021年09月13日,19時,85000,74000,67000,35000,30000,29000,18800,,
2021年09月13日,20時,85000,74000,67000,35000,30000,29000,18800,,
2021年09月13日,21時,85000,74000,67000,35000,30000,29000,18800,,
2021年09月13日,22時,85000,74000,67000,35000,30000,29000,18800,,
2021年09月13日,23時,85000,74000,67000,35000,30000,29000,18800,,
2021年09月14日,00時,85000,74000,67000,35000,30000,29000,18800,,
2021年09月14日,01時,85000,74000,67000,35000,30000,29000,18800,,
2021年09月14日,02時,85000,74000,67000,35000,30000,29000,18800,,
2021年09月14日,03時,85000,74000,67000,35000,30000,29000,18800,,
2021年09月14日,04時,85000,74000,67000,35000,30000,29000,18800,,
2021年09月14日,05時,85000,74000,67000,35000,30000,29000,18800,,
2021年09月14日,06時,85000,74000,67000,35000,30000,29000,18800,,
2021年09月14日,07時,85000,74000,67000,35000,30000,29000,18800,,
2021年09月14日,08時,85000,74000,67000,35000,30000,29000,18800,,
2021年09月14日,09時,85000,74000,67000,35000,30000,29000,18800,,
2021年09月14日,10時,85000,74000,67000,35000,30000,29000,18800,,
2021年09月14日,11時,85000,73000,67000,35000,30000,29000,18800,,
2021年09月14日,12時,85000,73000,67000,35000,30000,29000,18800,,
2021年09月14日,13時,85000,73000,67000,35000,29500,28500,18800,,
2021年09月14日,14時,85000,73200,67000,35000,29500,28500,18800,,
2021年09月14日,15時,84100,73100,67000,35000,29000,28000,18800,,
2021年09月14日,16時,84100,73100,67000,35000,29000,28000,18800,,
2021年09月14日,17時,84100,73100,67000,35000,29000,28000,18800,,
2021年09月14日,18時,84100,73100,67000,35000,29000,28000,18800,,
2021年09月14日,19時,84100,73100,67000,35000,29000,28000,18800,,
2021年09月14日,20時,84100,73100,67000,35000,29000,28000,18800,,
2021年09月14日,21時,84100,73100,67000,35000,29000,28000,18800,,
2021年09月14日,22時,84100,73100,67000,35000,29000,28000,18800,,
2021年09月14日,23時,84100,73100,67000,35000,29000,28000,18800,,
2021年09月15日,00時,84100,73100,67000,35000,29000,28000,18800,,
2021年09月15日,01時,84100,73100,67000,35000,29000,28000,18800,,
2021年09月15日,02時,84100,73100,67000,35000,29000,28000,18800,,
2021年09月15日,03時,84100,73100,67000,35000,29000,28000,18800,,
2021年09月15日,04時,84100,73100,67000,35000,29000,28000,18800,,
2021年09月15日,05時,84100,73100,67000,35000,29000,28000,18800,,
2021年09月15日,06時,84100,73100,67000,35000,29000,28000,18800,,
2021年09月15日,07時,84100,73100,67000,35000,29000,28000,18800,,
2021年09月15日,08時,84100,73100,67000,35000,29000,28000,18800,,
2021年09月15日,09時,84100,73100,67000,35000,29000,28000,18800,,
2021年09月15日,10時,84100,73100,67000,35000,29000,28000,18800,,
2021年09月15日,11時,83100,72100,66000,34000,29000,28000,18800,,
2021年09月15日,12時,83100,72100,66000,34000,29000,28000,18800,,
2021年09月15日,13時,83100,72100,66000,34000,29000,28000,18800,,
2021年09月15日,14時,83100,72100,66000,34000,29000,28100,18800,,
2021年09月15日,15時,83100,72100,66000,34000,29000,28100,18800,,
2021年09月15日,16時,83100,72100,66000,34000,29000,28100,18800,,
2021年09月15日,17時,83100,72100,66000,34000,29000,28100,18800,,
2021年09月15日,18時,83100,72100,66000,34000,29000,28100,18800,,
2021年09月15日,19時,83500,72500,66000,34000,29500,29000,18800,,
2021年09月15日,20時,83500,72500,66000,34000,29500,29000,18800,,
2021年09月15日,21時,83500,72500,66000,34000,29500,29000,18800,,
2021年09月15日,22時,83500,72500,66000,34000,29500,28500,18800,,
2021年09月15日,23時,83500,72500,66000,34000,29500,28500,18800,,
2021年09月16日,00時,83500,72500,66000,34000,29500,28500,18800,,
2021年09月16日,01時,83500,72500,66000,34000,29500,28500,18800,,
2021年09月16日,02時,83500,72500,66000,34000,29500,28500,18800,,
2021年09月16日,03時,83500,72500,66000,34000,29500,28500,18800,,
2021年09月16日,04時,83500,72500,66000,34000,29500,28500,18800,,
2021年09月16日,05時,83500,72500,66000,34000,29500,28500,18800,,
2021年09月16日,06時,83500,72500,66000,34000,29500,28500,18800,,
2021年09月16日,07時,83500,72500,66000,34000,29500,28500,18800,,
2021年09月16日,08時,83500,72500,66000,34000,29500,28500,18800,,
2021年09月16日,09時,83500,72500,66000,34000,29500,28500,18800,,
2021年09月16日,10時,83500,72500,66000,34000,29500,28500,18800,,
2021年09月16日,11時,83500,72500,66000,34000,29500,28500,18800,,
2021年09月16日,12時,83500,72500,66000,34000,29500,28500,18800,,
2021年09月16日,13時,83500,72500,66000,34000,29500,28500,18800,,
2021年09月16日,14時,84500,73000,66000,34000,29500,28500,18800,,
2021年09月16日,15時,84500,73000,66000,34000,29500,28500,18800,,
2021年09月16日,16時,84500,73000,66000,34000,29500,28500,18800,,
2021年09月16日,17時,84500,73000,66000,34000,29500,28500,18800,,
2021年09月16日,18時,84500,73000,66000,34000,29500,28500,18800,,
2021年09月16日,19時,84500,73000,66000,34000,29500,28500,18800,,
2021年09月16日,20時,84500,73000,66000,34000,29500,28500,18800,,
2021年09月16日,21時,84500,73000,66000,34000,29500,28500,18800,,
2021年09月16日,22時,84500,73000,66000,34000,29500,28500,18800,,
2021年09月16日,23時,84500,73000,66000,34000,29500,28500,18800,,
2021年09月17日,00時,84500,73000,66000,34000,29500,28500,18800,,
2021年09月17日,01時,84500,73000,66000,34000,29500,28500,18800,,
2021年09月17日,02時,84500,73000,66000,34000,29500,28500,18800,,
2021年09月17日,03時,84500,73000,66000,34000,29500,28500,18800,,
2021年09月17日,04時,84500,73000,66000,34000,29500,28500,18800,,
2021年09月17日,05時,84500,73000,66000,34000,29500,28500,18800,,
2021年09月17日,06時,84500,73000,66000,34000,29500,28500,18800,,
2021年09月17日,07時,84500,73000,66000,34000,29500,28500,18800,,
2021年09月17日,08時,84500,73000,66000,34000,29500,28500,18800,,
2021年09月17日,09時,84500,73000,66000,34000,29500,28500,18800,,
2021年09月17日,10時,84500,73000,66000,34000,29500,28500,18800,,
2021年09月17日,11時,84500,73000,66000,34000,30000,29000,18800,,
2021年09月17日,12時,84500,73000,66000,34000,30000,29000,18800,,
2021年09月17日,13時,84500,73500,66000,34000,30500,29000,18800,,
2021年09月17日,14時,84500,73500,66000,34000,30500,29000,18800,,
2021年09月17日,15時,84500,73500,66000,34000,30500,29000,18800,,
2021年09月17日,16時,84500,73500,66000,34000,30500,29000,18800,,
2021年09月17日,17時,84500,73500,66000,34000,30500,29000,18800,,
2021年09月17日,18時,84500,73500,66000,34000,30500,29000,18800,,
2021年09月17日,19時,84500,73500,66000,34000,30500,29000,18800,,
2021年09月17日,20時,84500,73500,66000,34000,30500,29000,18800,,
2021年09月17日,21時,84500,73500,66000,34000,30500,29000,18800,,
2021年09月17日,22時,84500,73500,66000,34000,30500,29000,18800,,
2021年09月17日,23時,84500,73500,66000,34000,30500,29000,18800,,
2021年09月18日,00時,84500,73500,66000,34000,30500,29000,18800,,
2021年09月18日,01時,84500,73500,66000,34000,30500,29000,18800,,
2021年09月18日,02時,84500,73500,66000,34000,30500,29000,18800,,
2021年09月18日,03時,84500,73500,66000,34000,30500,29000,18800,,
2021年09月18日,04時,84500,73500,66000,34000,30500,29000,18800,,
2021年09月18日,05時,84500,73500,66000,34000,30500,29000,18800,,
2021年09月18日,06時,84500,73500,66000,34000,30500,29000,18800,,
2021年09月18日,07時,84500,73500,66000,34000,30500,29000,18800,,
2021年09月18日,08時,84500,73500,66000,34000,30500,29000,18800,,
2021年09月18日,09時,84500,73500,66000,34000,30500,29000,18800,,
2021年09月18日,10時,84500,73500,66000,34000,30500,29000,18800,,
2021年09月18日,11時,84500,73500,66000,34000,30500,29000,18800,,
2021年09月18日,12時,85000,73500,66000,34000,30500,29000,18800,,
2021年09月18日,13時,85000,73500,66000,34000,30500,29000,18800,,
2021年09月18日,14時,85000,73500,66000,33200,30500,29000,18800,,
2021年09月18日,15時,85000,73500,66000,33200,30500,29000,18800,,
2021年09月18日,16時,85000,73500,66000,33200,30500,29000,18800,,
2021年09月18日,17時,85000,73500,66000,33200,30500,29000,18800,,
2021年09月18日,18時,85000,73500,66000,33200,30500,29000,18800,,
2021年09月18日,19時,85000,73500,66000,33200,30500,29000,18800,,
2021年09月18日,20時,85000,73500,66000,33200,30500,29000,18800,,
2021年09月18日,21時,85000,73500,66000,33200,30500,29000,18800,,
2021年09月18日,22時,85000,73500,66000,33200,30500,29000,18800,,
2021年09月18日,23時,85000,73500,66000,33200,30500,29000,18800,,
2021年09月19日,00時,85000,73500,66000,33200,30500,29000,18800,,
2021年09月19日,01時,85000,73500,66000,33200,30500,29000,18800,,
2021年09月19日,02時,85000,73500,66000,33200,30500,29000,18800,,
2021年09月19日,03時,85000,73500,66000,33200,30500,29000,18800,,
2021年09月19日,04時,85000,73500,66000,33200,30500,29000,18800,,
2021年09月19日,05時,85000,73500,66000,33200,30500,29000,18800,,
2021年09月19日,06時,85000,73500,66000,33200,30500,29000,18800,,
2021年09月19日,07時,85000,73500,66000,33200,30500,29000,18800,,
2021年09月19日,08時,85000,73500,66000,33200,30500,29000,18800,,
2021年09月19日,09時,85000,73500,66000,33200,30500,29000,18800,,
2021年09月19日,10時,85000,73500,66000,33200,30500,29000,18800,,
2021年09月19日,11時,85000,73500,66000,33200,30500,29000,18800,,
2021年09月19日,12時,85000,73500,66000,33200,30500,29000,18800,,
2021年09月19日,13時,85000,73500,66000,33200,30500,29000,18800,,
2021年09月19日,14時,85000,73500,66000,33200,30500,29000,18800,,
2021年09月19日,15時,85000,73500,66000,33200,30500,29000,18800,,
2021年09月19日,16時,85000,73500,66000,33200,30500,29000,18800,,
2021年09月19日,17時,85000,73500,66000,33000,30500,29000,18800,,
2021年09月19日,18時,85000,73500,66000,33000,30500,29000,18800,,
2021年09月19日,19時,85000,73500,66000,33000,30500,29000,18800,,
2021年09月19日,20時,85000,73500,66000,33000,30500,29000,18800,,
2021年09月19日,21時,85000,73500,66000,33000,30500,29000,18800,,
2021年09月19日,22時,85000,73500,66000,33000,30500,29000,18800,,
2021年09月19日,23時,85000,73500,66000,33000,30500,29000,18800,,
2021年09月20日,00時,85000,73500,66000,33000,30500,29000,18800,,
2021年09月20日,01時,85000,73500,66000,33000,30500,29000,18800,,
2021年09月20日,02時,85000,73500,66000,33000,30500,29000,18800,,
2021年09月20日,03時,85000,73500,66000,33000,30500,29000,18800,,
2021年09月20日,04時,85000,73500,66000,33000,30500,29000,18800,,
2021年09月20日,05時,85000,73500,66000,33000,30500,29000,18800,,
2021年09月20日,06時,85000,73500,66000,33000,30500,29000,18800,,
2021年09月20日,07時,85000,73500,66000,33000,30500,29000,18800,,
2021年09月20日,08時,85000,73500,66000,33000,30500,29000,18800,,
2021年09月20日,09時,85000,73500,66000,33000,30500,29000,18800,,
2021年09月20日,10時,85000,73500,66000,33000,30500,29000,18800,,
2021年09月20日,11時,85000,73500,66000,33000,30500,29000,18800,,
2021年09月20日,12時,85000,73500,66000,33000,30500,29000,18800,,
2021年09月20日,13時,85000,73500,66000,33000,30500,29000,18800,,
2021年09月20日,14時,85000,73500,66000,33000,30500,29000,18800,,
2021年09月20日,15時,85000,73500,66000,33000,30500,29000,18800,,
2021年09月20日,16時,85000,73500,66000,32000,30500,29000,18800,,
2021年09月20日,17時,85000,73500,66000,32000,30500,29000,18800,,
2021年09月20日,18時,85000,73500,66000,32000,30500,29000,18800,,
2021年09月20日,19時,85000,73500,66000,32000,30500,29000,18800,,
2021年09月20日,20時,85000,73500,66000,32000,30500,29000,18800,,
2021年09月20日,21時,85000,73500,66000,32000,30500,29000,18800,,
2021年09月20日,22時,85000,73500,66000,32000,30500,29000,18800,,
2021年09月20日,23時,85000,73500,66000,32000,30500,29000,18800,,
2021年09月21日,00時,85000,73500,66000,32000,30500,29000,18800,,
2021年09月21日,01時,85000,73500,66000,32000,30500,29000,18800,,
2021年09月21日,02時,85000,73500,66000,32000,30500,29000,18800,,
2021年09月21日,03時,85000,73500,66000,32000,30500,29000,18800,,
2021年09月21日,04時,85000,73500,66000,32000,30500,29000,18800,,
2021年09月21日,05時,85000,73500,66000,32000,30500,29000,18800,,
2021年09月21日,06時,85000,73500,66000,32000,30500,29000,18800,,
2021年09月21日,07時,85000,73500,66000,32000,30500,29000,18800,,
2021年09月21日,08時,85000,73500,66000,32000,30500,29000,18800,,
2021年09月21日,09時,85000,73500,66000,32000,30500,29000,18800,,
2021年09月21日,10時,85000,73500,66000,32000,30500,29000,18800,,
2021年09月21日,11時,85000,73500,66000,32000,30500,29000,18800,,
2021年09月21日,12時,85000,73500,66000,32000,30500,29000,18800,,
2021年09月21日,13時,85000,73500,66000,32000,30500,29000,18800,,
2021年09月21日,14時,83000,71500,66000,32000,30500,29000,18800,,
2021年09月21日,15時,83000,71500,66000,32000,30500,29000,18800,,
2021年09月21日,16時,83000,71500,66000,32000,30500,29000,18800,,
2021年09月21日,17時,83000,71500,66000,32000,30500,29000,18800,,
2021年09月21日,18時,83000,71500,66000,32000,30500,29000,18800,,
2021年09月21日,19時,83000,71500,66000,32000,30500,29000,18800,,
2021年09月21日,20時,83000,71500,66000,32000,30500,29000,18800,,
2021年09月21日,21時,83000,71500,66000,32000,30500,29000,18800,,
2021年09月21日,22時,83000,71500,66000,32000,30500,29000,18800,,
2021年09月21日,23時,83000,71500,66000,32000,30500,29000,18800,,
2021年09月22日,00時,83000,71500,66000,32000,30500,29000,18800,,
2021年09月22日,01時,83000,71500,66000,32000,30500,29000,18800,,
2021年09月22日,02時,83000,71500,66000,32000,30500,29000,18800,,
2021年09月22日,03時,83000,71500,66000,32000,30500,29000,18800,,
2021年09月22日,04時,83000,71500,66000,32000,30500,29000,18800,,
2021年09月22日,05時,83000,71500,66000,32000,30500,29000,18800,,
2021年09月22日,06時,83000,71500,66000,32000,30500,29000,18800,,
2021年09月22日,07時,83000,71500,66000,32000,30500,29000,18800,,
2021年09月22日,08時,83000,71500,66000,32000,30500,29000,18800,,
2021年09月22日,09時,83000,71500,66000,32000,30500,29000,18800,,
2021年09月22日,10時,83000,71500,66000,32000,30500,29000,18800,,
2021年09月22日,11時,83000,71500,66000,32000,30500,29000,18800,,
2021年09月22日,12時,83000,71500,66000,32000,30500,29000,18800,,
2021年09月22日,13時,83000,71500,66000,32000,30500,29000,18800,,
2021年09月22日,14時,83000,71500,66000,32000,30500,29000,18800,,
2021年09月22日,15時,83000,71500,66000,32000,30500,29000,18800,,
2021年09月22日,16時,83000,73500,66000,32000,30500,29000,18800,,
2021年09月22日,17時,83000,73500,66000,32000,30500,29000,18800,,
2021年09月22日,18時,83000,73500,66000,32000,30500,29000,18800,,
2021年09月22日,19時,83000,73500,66000,32000,30500,29000,18800,,
2021年09月22日,20時,83000,73500,66000,32000,30500,29000,18800,,
2021年09月22日,21時,83000,73500,66000,32000,30500,29000,18800,,
2021年09月22日,22時,83000,73500,66000,32000,30500,29000,18800,,
2021年09月22日,23時,81000,73500,66000,32000,30500,29000,18800,,
2021年09月23日,00時,81000,73500,66000,32000,30500,29000,18800,,
2021年09月23日,01時,81000,73500,66000,32000,30500,29000,18800,,
2021年09月23日,02時,81000,73500,66000,32000,30500,29000,18800,,
2021年09月23日,03時,81000,73500,66000,32000,30500,29000,18800,,
2021年09月23日,04時,81000,73500,66000,32000,30500,29000,18800,,
2021年09月23日,05時,81000,73500,66000,32000,30500,29000,18800,,
2021年09月23日,06時,81000,73500,66000,32000,30500,29000,18800,,
2021年09月23日,07時,81000,73500,66000,32000,30500,29000,18800,,
2021年09月23日,08時,81000,73500,66000,32000,30500,29000,18800,,
2021年09月23日,09時,81000,73500,66000,32000,30500,29000,18800,,
2021年09月23日,10時,81000,73500,66000,32000,30500,29000,18800,,
2021年09月23日,11時,81000,73500,66000,32000,30500,29000,18800,,
2021年09月23日,12時,81000,73500,66000,32000,30500,29000,18800,,
2021年09月23日,13時,81000,73500,66000,32000,30500,29000,18800,,
2021年09月23日,14時,81000,73500,66000,32000,30500,29000,18800,,
2021年09月23日,15時,81000,73500,66000,32000,30500,29000,18800,,
2021年09月23日,16時,81000,73500,66000,32000,30500,29000,18800,,
2021年09月23日,17時,81000,71000,66000,30000,30500,29000,18800,,
2021年09月23日,18時,81000,71000,66000,30000,30500,29000,18800,,
2021年09月23日,19時,81000,71000,66000,30000,30500,29000,18800,,
2021年09月23日,20時,81000,71000,66000,30000,30500,29000,18800,,
2021年09月23日,21時,81000,71000,66000,30000,30500,29000,18800,,
2021年09月23日,22時,81000,71000,66000,30000,30500,29000,18800,,
2021年09月23日,23時,81000,71000,66000,30000,30500,29000,18800,,
2021年09月24日,00時,81000,71000,66000,30000,30500,29000,18800,,
2021年09月24日,01時,81000,71000,66000,30000,30500,29000,18800,,
2021年09月24日,02時,81000,71000,66000,30000,30500,29000,18800,,
2021年09月24日,03時,81000,71000,66000,30000,30500,29000,18800,,
2021年09月24日,04時,81000,71000,66000,30000,30500,29000,18800,,
2021年09月24日,05時,81000,71000,66000,30000,30500,29000,18800,,
2021年09月24日,06時,81000,71000,66000,30000,30500,29000,18800,,
2021年09月24日,07時,81000,71000,66000,30000,30500,29000,18800,,
2021年09月24日,08時,81000,71000,66000,30000,30500,29000,18800,,
2021年09月24日,09時,81000,71000,66000,30000,30500,29000,18800,,
2021年09月24日,10時,81000,71000,66000,30000,30500,29000,18800,,
2021年09月24日,11時,81000,71000,66000,30000,30500,29000,18800,,
2021年09月24日,12時,81000,71000,66000,30000,30500,29000,18800,,
2021年09月24日,13時,81000,71000,66000,30000,30500,29000,18800,,
2021年09月24日,14時,81000,71000,66000,30000,30500,29000,18900,,
2021年09月24日,15時,81000,71000,66000,30000,30500,29000,18900,,
2021年09月24日,16時,81000,71000,66000,30000,30500,29000,18900,,
2021年09月24日,17時,81000,71000,66000,30000,30500,29000,18900,,
2021年09月24日,18時,81000,71000,66000,30000,30500,29000,18900,,
2021年09月24日,19時,81000,71000,66000,30000,30500,29000,18900,,
2021年09月24日,20時,81000,71000,66000,30000,30500,29000,18900,,
2021年09月24日,21時,81000,71000,66000,30000,30500,29000,18900,,
2021年09月24日,22時,81000,71000,66000,30000,30500,29000,18900,,
2021年09月24日,23時,81000,71000,66000,30000,30500,29000,18900,,
2021年09月25日,00時,81000,71000,66000,30000,30500,29000,18900,,
2021年09月25日,01時,81000,71000,66000,30000,30500,29000,18900,,
2021年09月25日,02時,81000,71000,66000,30000,30500,29000,18900,,
2021年09月25日,03時,81000,71000,66000,30000,30500,29000,18900,,
2021年09月25日,04時,81000,71000,66000,30000,30500,29000,18900,,
2021年09月25日,05時,81000,71000,66000,30000,30500,29000,18900,,
2021年09月25日,06時,81000,71000,66000,30000,30500,29000,18900,,
2021年09月25日,07時,81000,71000,66000,30000,30500,29000,18900,,
2021年09月25日,08時,81000,71000,66000,30000,30500,29000,18900,,
2021年09月25日,09時,81000,71000,66000,30000,30500,29000,18900,,
2021年09月25日,10時,81000,71000,66000,30000,30500,29000,18900,,
2021年09月25日,11時,81000,71000,66000,30000,30500,29000,18900,,
2021年09月25日,12時,81000,71000,66000,30000,30500,29000,18900,,
2021年09月25日,13時,83500,73500,66000,30000,30500,29000,18900,,
2021年09月25日,14時,83500,73500,66000,30000,30500,29100,18900,,
2021年09月25日,15時,83500,73500,66000,30000,30500,29100,18900,,
2021年09月25日,16時,83500,73500,66000,30000,30500,29100,18900,,
2021年09月25日,17時,83500,73500,66000,30000,30500,29100,18900,,
2021年09月25日,18時,83500,73500,66000,30000,30500,29100,18900,,
2021年09月25日,19時,83500,73500,66000,30000,30500,29100,18900,,
2021年09月25日,20時,83500,73500,66000,30000,30500,29100,18900,,
2021年09月25日,21時,83500,73500,66000,30000,30500,29100,18900,,
2021年09月25日,22時,83500,73500,66000,30000,30500,29100,18900,,
2021年09月25日,23時,83500,73500,66000,30000,30500,29100,18900,,
2021年09月26日,00時,83500,73500,66000,30000,30500,29100,18900,,
2021年09月26日,01時,83500,73500,66000,30000,30500,29100,18900,,
2021年09月26日,02時,83500,73500,66000,30000,30500,29100,18900,,
2021年09月26日,03時,83500,73500,66000,30000,30500,29100,18900,,
2021年09月26日,04時,83500,73500,66000,30000,30500,29100,18900,,
2021年09月26日,05時,83500,73500,66000,30000,30500,29100,18900,,
2021年09月26日,06時,83500,73500,66000,30000,30500,29100,18900,,
2021年09月26日,07時,83500,73500,66000,30000,30500,29100,18900,,
2021年09月26日,08時,83500,73500,66000,30000,30500,29100,18900,,
2021年09月26日,09時,83500,73500,66000,30000,30500,29100,18900,,
2021年09月26日,10時,83500,73500,66000,30000,30500,29100,18900,,
2021年09月26日,11時,83500,73500,66000,30000,30500,29100,18900,,
2021年09月26日,12時,83500,73500,66000,30000,30500,29100,18900,,
2021年09月26日,13時,83500,73500,66000,30000,30500,29100,18900,,
2021年09月26日,14時,83500,73500,66000,30000,30500,29100,18900,,
2021年09月26日,15時,83500,73500,66000,30000,30500,29100,18900,,
2021年09月26日,16時,83500,73500,66000,30000,30500,29100,18900,,
2021年09月26日,17時,83500,73500,66000,30000,30500,29100,18900,,
2021年09月26日,18時,83500,73500,66000,30000,30500,29100,18900,,
2021年09月26日,19時,83500,73500,66000,30000,30500,29100,18900,,
2021年09月26日,20時,83500,73500,66000,30000,30500,29100,18900,,
2021年09月26日,21時,83500,73500,66000,30000,30500,29100,18900,,
2021年09月26日,22時,83500,73500,66000,30000,30500,29100,18900,,
2021年09月26日,23時,83500,73500,66000,30000,30500,29100,18900,,
2021年09月27日,00時,83500,73500,66000,30000,30500,29100,18900,,
2021年09月27日,01時,83500,73500,66000,30000,30500,29100,18900,,
2021年09月27日,02時,83500,73500,66000,30000,30500,29100,18900,,
2021年09月27日,03時,83500,73500,66000,30000,30500,29100,18900,,
2021年09月27日,04時,83500,73500,66000,30000,30500,29100,18900,,
2021年09月27日,05時,83500,73500,66000,30000,30500,29100,18900,,
2021年09月27日,06時,83500,73500,66000,30000,30500,29100,18900,,
2021年09月27日,07時,83500,73500,66000,30000,30500,29100,18900,,
2021年09月27日,08時,83500,73500,66000,30000,30500,29100,18900,,
2021年09月27日,09時,83500,73500,66000,30000,30500,29100,18900,,
2021年09月27日,10時,83500,73500,66000,30000,30500,29100,18900,,
2021年09月27日,11時,83500,73500,66000,30000,30500,29100,18900,,
2021年09月27日,12時,83500,73500,66000,30000,30500,29100,18900,,
2021年09月27日,13時,83500,73500,66000,30000,30500,29100,18900,,
2021年09月27日,14時,83500,73500,66000,30000,30500,29100,18900,,
2021年09月27日,15時,83500,73500,66000,30000,30500,29100,18900,,
2021年09月27日,16時,83500,73500,66000,30000,30500,29100,18900,,
2021年09月27日,17時,83500,73500,66000,30000,30500,29100,18900,,
2021年09月27日,18時,83500,73500,66000,30000,30500,29100,18900,,
2021年09月27日,19時,83500,73500,66000,30000,30500,29100,18900,,
2021年09月27日,20時,83500,73500,66000,30000,30500,29100,18900,,
2021年09月27日,21時,83500,73500,66000,30000,30500,29100,18900,,
2021年09月27日,22時,83500,73500,66000,30000,30500,29100,18900,,
2021年09月27日,23時,83500,73500,66000,30000,30500,29100,18900,,
2021年09月28日,00時,83500,73500,66000,30000,30500,29100,18900,,
2021年09月28日,01時,83500,73500,66000,30000,30500,29100,18900,,
2021年09月28日,02時,83500,73500,66000,30000,30500,29100,18900,,
2021年09月28日,03時,83500,73500,66000,30000,30500,29100,18900,,
2021年09月28日,04時,83500,73500,66000,30000,30500,29100,18900,,
2021年09月28日,05時,83500,73500,66000,30000,30500,29100,18900,,
2021年09月28日,06時,83500,73500,66000,30000,30500,29100,18900,,
2021年09月28日,07時,83500,73500,66000,30000,30500,29100,18900,,
2021年09月28日,08時,83500,73500,66000,30000,30500,29100,18900,,
2021年09月28日,09時,83500,73500,66000,30000,30500,29100,18900,,
2021年09月28日,10時,83500,73500,66000,30000,30500,29100,18900,,
2021年09月28日,11時,83500,73500,66000,30000,30500,29100,18900,,
2021年09月28日,12時,83500,73500,66000,30000,30500,29100,18900,,
2021年09月28日,13時,83500,73500,66000,30000,30500,29100,18900,,
2021年09月28日,14時,84000,73500,66000,30000,30500,29100,18900,,
2021年09月28日,15時,84000,73500,66000,30000,30500,29100,18900,,
2021年09月28日,16時,84000,73500,66000,30000,30500,29100,18900,,
2021年09月28日,17時,84000,73500,66000,30000,30500,29100,18900,,
2021年09月28日,18時,84000,73500,66000,30000,30500,29100,18900,,
2021年09月28日,19時,84000,73500,66000,30000,30500,29100,18900,,
2021年09月28日,20時,84000,73500,66000,30000,30500,29100,18900,,
2021年09月28日,21時,84000,73500,66000,30000,30500,29100,18900,,
2021年09月28日,22時,84000,73500,66000,30000,30500,29100,18900,,
2021年09月28日,23時,84000,73500,66000,30000,30500,29100,18900,,
2021年09月29日,00時,84000,73500,66000,30000,30500,29100,18900,,
2021年09月29日,01時,84000,73500,66000,30000,30500,29100,18900,,
2021年09月29日,02時,84000,73500,66000,30000,30500,29100,18900,,
2021年09月29日,03時,84000,73500,66000,30000,30500,29100,18900,,
2021年09月29日,04時,84000,73500,66000,30000,30500,29100,18900,,
2021年09月29日,05時,84000,73500,66000,30000,30500,29100,18900,,
2021年09月29日,06時,84000,73500,66000,30000,30500,29100,18900,,
2021年09月29日,07時,84000,73500,66000,30000,30500,29100,18900,,
2021年09月29日,08時,84000,73500,66000,30000,30500,29100,18900,,
2021年09月29日,09時,84000,73500,66000,30000,30500,29100,18900,,
2021年09月29日,10時,84000,73500,66000,30000,30500,29100,18900,,
2021年09月29日,11時,84000,73500,66000,30000,30500,29100,18900,,
2021年09月29日,12時,84000,73500,66000,30000,31000,29100,18900,,
2021年09月29日,13時,84500,73500,66000,30000,31000,29100,18900,,
2021年09月29日,14時,84500,73500,66000,30000,31000,29100,18900,,
2021年09月29日,15時,84500,73500,66000,30000,31000,29100,18900,,
2021年09月29日,16時,84500,73500,66000,30000,31000,29100,18900,,
2021年09月29日,17時,84500,73500,66000,30000,31000,29100,18900,,
2021年09月29日,18時,84500,73500,66000,30000,31000,29100,18900,,
2021年09月29日,19時,84500,73500,66000,30000,31000,29100,18900,,
2021年09月29日,20時,84500,73500,66000,30000,31000,29100,18900,,
2021年09月29日,21時,84500,73500,66000,30000,31000,29100,18900,,
2021年09月29日,22時,84500,73500,66000,30000,31000,29100,18900,,
2021年09月29日,23時,84500,73500,66000,30000,31000,29100,18900,,
2021年09月30日,00時,84500,73600,66000,30000,31000,29100,18900,,
2021年09月30日,01時,84500,73600,66000,30000,31000,29100,18900,,
2021年09月30日,02時,84500,73600,66000,30000,31000,29100,18900,,
2021年09月30日,03時,84500,73600,66000,30000,31000,29100,18900,,
2021年09月30日,04時,84500,73600,66000,30000,31000,29100,18900,,
2021年09月30日,05時,84500,73600,66000,30000,31000,29100,18900,,
2021年09月30日,06時,84500,73600,66000,30000,31000,29100,18900,,
2021年09月30日,07時,84500,73600,66000,30000,31000,29100,18900,,
2021年09月30日,08時,84500,73600,66000,30000,31000,29100,18900,,
2021年09月30日,09時,84500,73600,66000,30000,31000,29100,18900,,
2021年09月30日,10時,84500,73600,66000,30000,31000,29100,18900,,
2021年09月30日,11時,84500,73600,66000,30000,31000,29100,18900,,
2021年09月30日,12時,84500,73600,66000,30000,31000,29500,18900,,
2021年09月30日,13時,84500,73600,66000,30000,31000,29500,18900,,
2021年09月30日,14時,85000,74000,66000,30000,31000,29500,18900,,
2021年09月30日,15時,85000,74000,66000,30000,31000,29500,18900,,
2021年09月30日,16時,85000,74000,66000,30000,31000,29500,18900,,
2021年09月30日,17時,85000,74000,66000,30000,31000,29500,18900,,
2021年09月30日,18時,85000,74000,66000,30000,31000,29500,18900,,
2021年09月30日,19時,85000,74000,66000,30000,31000,29500,18900,,
2021年09月30日,20時,85000,74000,66000,30000,31000,29500,18900,,
2021年09月30日,21時,85000,74000,66000,30000,31000,29500,18900,,
2021年09月30日,22時,85000,74000,66000,30000,31000,29500,18900,,
2021年09月30日,23時,85000,74000,66000,30000,31000,29500,18900,,
2021年10月01日,00時,85000,74000,66000,30000,31000,29500,18900,,
2021年10月01日,01時,85000,74000,66000,30000,31000,29500,18900,,
2021年10月01日,02時,85000,74000,66000,30000,31000,29500,18900,,
2021年10月01日,03時,85000,74000,66000,30000,31000,29500,18900,,
2021年10月01日,04時,85000,74000,66000,30000,31000,29500,18900,,
2021年10月01日,05時,85000,74000,66000,30000,31000,29500,18900,,
2021年10月01日,06時,85000,74000,66000,30000,31000,29500,18900,,
2021年10月01日,07時,85000,74000,66000,30000,31000,29500,18900,,
2021年10月01日,08時,85000,74000,66000,30000,31000,29500,18900,,
2021年10月01日,09時,85000,74000,66000,30000,31000,29500,18900,,
2021年10月01日,10時,85000,74000,66000,30000,31000,29500,18900,,
2021年10月01日,11時,85000,74000,66000,30000,31000,29500,18900,,
2021年10月01日,12時,85000,74000,66000,30000,31000,29500,18900,,
2021年10月01日,13時,85500,74000,68000,32000,31000,29500,18900,,
2021年10月01日,14時,85500,74000,68000,32000,31000,29500,18900,,
2021年10月01日,15時,86000,74000,68000,32000,31000,29500,18900,,
2021年10月01日,16時,86000,74000,68000,32000,31000,29500,18900,,
2021年10月01日,17時,86000,74500,68000,32000,31000,29500,18900,,
2021年10月01日,18時,86000,74500,68000,32000,31000,29500,18900,,
2021年10月01日,19時,86000,74500,68000,32000,31000,29500,18900,,
2021年10月01日,20時,86000,74500,68000,32000,31000,29500,18900,,
2021年10月01日,21時,86000,74500,68000,32000,31000,29500,18900,,
2021年10月01日,22時,86000,74500,68000,32000,31000,29500,18900,,
2021年10月01日,23時,86000,74500,68000,32000,31000,29500,18900,,
2021年10月02日,00時,86000,74500,68000,32000,31000,29500,18900,,
2021年10月02日,01時,86000,74500,68000,32000,31000,29500,18900,,
2021年10月02日,02時,86000,74500,68000,32000,31000,29500,18900,,
2021年10月02日,03時,86000,74500,68000,32000,31000,29500,18900,,
2021年10月02日,04時,86000,74500,68000,32000,31000,29500,18900,,
2021年10月02日,05時,86000,74500,68000,32000,31000,29500,18900,,
2021年10月02日,06時,86000,74500,68000,32000,31000,29500,18900,,
2021年10月02日,07時,86000,74500,68000,32000,31000,29500,18900,,
2021年10月02日,08時,86000,74500,68000,32000,31000,29500,18900,,
2021年10月02日,09時,86000,74500,68000,32000,31000,29500,18900,,
2021年10月02日,10時,86000,74500,68000,32000,31000,29500,18900,,
2021年10月02日,11時,86000,74500,68000,32000,31000,29500,18900,,
2021年10月02日,12時,86000,74500,68000,32000,31000,29500,18900,,
2021年10月02日,13時,86000,74500,68000,32000,31000,29500,18900,,
2021年10月02日,14時,86000,74500,68000,32000,31000,29500,18900,,
2021年10月02日,15時,86000,74500,68000,32000,31000,29500,18900,,
2021年10月02日,16時,86000,74500,68000,32000,31000,29500,18900,,
2021年10月02日,17時,86000,74500,68000,32000,31000,29500,18900,,
2021年10月02日,18時,86000,74500,68000,32000,31000,29500,18900,,
2021年10月02日,19時,86000,74500,68000,32000,31000,29500,18900,,
2021年10月02日,20時,86000,74500,68000,32000,31000,29500,18900,,
2021年10月02日,21時,86000,74500,68000,32000,31000,29500,18900,,
2021年10月02日,22時,86000,74500,68000,32000,31000,29500,18900,,
2021年10月02日,23時,86000,74500,68000,32000,31000,29500,18900,,
2021年10月03日,00時,86000,74500,68000,32000,31000,29500,18900,,
2021年10月03日,01時,86000,74500,68000,32000,31000,29500,18900,,
2021年10月03日,02時,86000,74500,68000,32000,31000,29500,18900,,
2021年10月03日,03時,86000,74500,68000,32000,31000,29500,18900,,
2021年10月03日,04時,86000,74500,68000,32000,31000,29500,18900,,
2021年10月03日,05時,86000,74500,68000,32000,31000,29500,18900,,
2021年10月03日,06時,86000,74500,68000,32000,31000,29500,18900,,
2021年10月03日,07時,86000,74500,68000,32000,31000,29500,18900,,
2021年10月03日,08時,86000,74500,68000,32000,31000,29500,18900,,
2021年10月03日,09時,86000,74500,68000,32000,31000,29500,18900,,
2021年10月03日,10時,86000,74500,68000,32000,31000,29500,18900,,
2021年10月03日,11時,86000,74500,68000,32000,31000,29500,18900,,
2021年10月03日,12時,86000,74500,68000,32000,31000,29500,18900,,
2021年10月03日,13時,86000,74500,68000,32000,31000,29500,18900,,
2021年10月03日,14時,86000,74500,68000,32000,31000,29500,18900,,
2021年10月03日,15時,86000,74500,68000,32000,31000,29500,18900,,
2021年10月03日,16時,86000,74500,68000,32000,31000,29500,18900,,
2021年10月03日,17時,86000,74500,68000,32000,31000,29500,18900,,
2021年10月03日,18時,86000,74500,68000,32000,31000,29500,18900,,
2021年10月03日,19時,86000,74500,68000,32000,31000,29500,18900,,
2021年10月03日,20時,86000,74500,68000,32000,31000,29500,18900,,
2021年10月03日,21時,86000,74500,68000,32000,31000,29500,18900,,
2021年10月03日,22時,86000,74500,68000,32000,31000,29500,18900,,
2021年10月03日,23時,86000,74500,68000,32000,31000,29500,18900,,
2021年10月04日,00時,86000,74500,68000,32000,31000,29500,18900,,
2021年10月04日,01時,86000,74500,68000,32000,31000,29500,18600,,
2021年10月04日,02時,86000,74500,68000,32000,31000,29500,18600,,
2021年10月04日,03時,86000,74500,68000,32000,31000,29500,18600,,
2021年10月04日,04時,86000,74500,68000,32000,31000,29500,18600,,
2021年10月04日,05時,86000,74500,68000,32000,31000,29500,18600,,
2021年10月04日,06時,86000,74500,68000,32000,31000,29500,18600,,
2021年10月04日,07時,86000,74500,68000,32000,31000,29500,18600,,
2021年10月04日,08時,86000,74500,68000,32000,31000,29500,18600,,
2021年10月04日,09時,86000,74500,68000,32000,31000,29500,18600,,
2021年10月04日,10時,86000,74500,68000,32000,31000,29500,18600,,
2021年10月04日,11時,86000,74500,68000,32000,31000,29500,18600,,
2021年10月04日,12時,86000,74500,68000,32000,31000,29500,18600,,
2021年10月04日,13時,86000,74500,68000,32000,31000,29500,18600,,
2021年10月04日,14時,86000,74500,68000,32000,31000,29500,18600,,
2021年10月04日,15時,86000,74500,68000,32000,31000,29500,18600,,
2021年10月04日,16時,86000,74500,68000,32000,31000,29500,18600,,
2021年10月04日,17時,86000,74500,68000,32000,31000,29500,18600,,
2021年10月04日,18時,86000,74500,68000,32000,31000,29500,18600,,
2021年10月04日,19時,86000,74500,68000,32000,31000,29500,18600,,
2021年10月04日,20時,86000,74500,68000,32000,31000,29500,18600,,
2021年10月04日,21時,86000,74500,68000,32000,31000,29500,18600,,
2021年10月04日,22時,86000,74500,68000,32000,31000,29500,18600,,
2021年10月04日,23時,86000,74500,68000,32000,31000,29500,18600,,
2021年10月05日,00時,86000,74500,68000,32000,30500,29500,18600,,
2021年10月05日,01時,86000,74500,68000,32000,30500,29500,18600,,
2021年10月05日,02時,86000,74500,68000,32000,30500,29500,18600,,
2021年10月05日,03時,86000,74500,68000,32000,30500,29500,18600,,
2021年10月05日,04時,86000,74500,68000,32000,30500,29500,18600,,
2021年10月05日,05時,86000,74500,68000,32000,30500,29500,18600,,
2021年10月05日,06時,86000,74500,68000,32000,30500,29500,18600,,
2021年10月05日,07時,86000,74500,68000,32000,30500,29500,18600,,
2021年10月05日,08時,86000,74500,68000,32000,30500,29500,18600,,
2021年10月05日,09時,86000,74500,68000,32000,30500,29500,18600,,
2021年10月05日,10時,86000,74500,68000,32000,30500,29500,18600,,
2021年10月05日,11時,86000,74500,68000,32000,30500,29500,18600,,
2021年10月05日,12時,86000,74500,68000,32000,30500,29500,18600,,
2021年10月05日,13時,86000,74500,68000,32000,30500,29500,18600,,
2021年10月05日,14時,86000,74500,68000,32000,30500,29500,18600,,
2021年10月05日,15時,86000,74500,68000,32000,30500,29500,18600,,
2021年10月05日,16時,86000,74500,68000,32000,30500,29500,18600,,
2021年10月05日,17時,86000,74500,68000,32000,30500,29500,18600,,
2021年10月05日,18時,86000,74500,68000,32000,30500,29500,18600,,
2021年10月05日,19時,86000,74500,68000,32000,30500,29500,18600,,
2021年10月05日,20時,86000,74500,68000,32000,30500,29500,18600,,
2021年10月05日,21時,86000,74500,68000,32000,30500,29500,18600,,
2021年10月05日,22時,86000,74500,68000,32000,30500,29500,18600,,
2021年10月05日,23時,86000,74500,68000,32000,30500,29500,18600,,
2021年10月06日,00時,86000,74500,68000,31000,30500,29500,18600,,
2021年10月06日,01時,86000,74500,68000,31000,30500,29500,18600,,
2021年10月06日,02時,86000,74500,68000,31000,30500,29500,18600,,
2021年10月06日,03時,86000,74500,68000,31000,30500,29500,18600,,
2021年10月06日,04時,86000,74500,68000,31000,30500,29500,18600,,
2021年10月06日,05時,86000,74500,68000,31000,30500,29500,18600,,
2021年10月06日,06時,86000,74500,68000,31000,30500,29500,18600,,
2021年10月06日,07時,86000,74500,68000,31000,30500,29500,18600,,
2021年10月06日,08時,86000,74500,68000,31000,30500,29500,18600,,
2021年10月06日,09時,86000,74500,68000,31000,30500,29500,18600,,
2021年10月06日,10時,86000,74500,68000,31000,30500,29500,18600,,
2021年10月06日,11時,86000,74500,68000,31000,30500,29500,18600,,
2021年10月06日,12時,86000,74500,68000,31000,30500,29500,18600,,
2021年10月06日,13時,86500,75000,68000,31000,30500,29500,18600,,
2021年10月06日,14時,86500,75000,68000,31000,30500,29500,18600,,
2021年10月06日,15時,86500,75000,68000,31000,30500,29500,18600,,
2021年10月06日,16時,86500,75000,68000,31000,30500,29500,18600,,
2021年10月06日,17時,86500,75000,68000,31000,30500,29500,18600,,
2021年10月06日,18時,86500,75000,68000,31000,30500,29500,18600,,
2021年10月06日,19時,86500,75000,68000,31000,30000,29000,18600,,
2021年10月06日,20時,86500,75000,68000,31000,30000,29000,18600,,
2021年10月06日,21時,86500,75000,68000,31000,30000,29000,18600,,
2021年10月06日,22時,86500,75000,68000,31000,30000,29000,18600,,
2021年10月06日,23時,86500,75000,68000,31000,30000,29000,18600,,
2021年10月07日,00時,86500,75000,68000,31000,30000,29000,18600,,
2021年10月07日,01時,86500,75000,68000,31000,30000,29000,18600,,
2021年10月07日,02時,86500,75000,68000,31000,30000,29000,18600,,
2021年10月07日,03時,86500,75000,68000,31000,30000,29000,18600,,
2021年10月07日,04時,86500,75000,68000,31000,30000,29000,18600,,
2021年10月07日,05時,86500,75000,68000,31000,30000,29000,18600,,
2021年10月07日,06時,86500,75000,68000,31000,30000,29000,18600,,
2021年10月07日,07時,86500,75000,68000,31000,30000,29000,18600,,
2021年10月07日,08時,86500,75000,68000,31000,30000,29000,18600,,
2021年10月07日,09時,86500,75000,68000,31000,30000,29000,18600,,
2021年10月07日,10時,86500,75000,68000,31000,30000,29000,18600,,
2021年10月07日,11時,86500,75000,68000,31000,30000,29000,18600,,
2021年10月07日,12時,86500,75000,68000,31000,30000,29000,18600,,
2021年10月07日,13時,86500,75000,68000,31000,30000,29000,18600,,
2021年10月07日,14時,86500,75000,68000,31000,30000,29000,18600,,
2021年10月07日,15時,86500,75000,68000,31000,30000,29000,18600,,
2021年10月07日,16時,86500,75000,68000,31000,30000,29000,18600,,
2021年10月07日,17時,86500,75000,68000,31000,30000,29000,18600,,
2021年10月07日,18時,86500,75000,68000,31000,30000,29000,18600,,
2021年10月07日,19時,86500,75000,68000,31000,30000,29000,18600,,
2021年10月07日,20時,86500,75000,68000,31000,30000,29000,18600,,
2021年10月07日,21時,86500,75000,68000,31000,30000,29000,18600,,
2021年10月07日,22時,86500,75000,68000,31000,30000,29000,18600,,
2021年10月07日,23時,86500,75000,68000,31000,30000,29000,18600,,
2021年10月08日,00時,86500,75000,68000,31000,30000,29000,18600,,
2021年10月08日,01時,86500,75000,68000,31000,29500,28500,18600,,
2021年10月08日,02時,86500,75000,68000,31000,29500,28500,18600,,
2021年10月08日,03時,86500,75000,68000,31000,29500,28500,18600,,
2021年10月08日,04時,86500,75000,68000,31000,29500,28500,18600,,
2021年10月08日,05時,86500,75000,68000,31000,29500,28500,18600,,
2021年10月08日,06時,86500,75000,68000,31000,29500,28500,18600,,
2021年10月08日,07時,86500,75000,68000,31000,29500,28500,18600,,
2021年10月08日,08時,86500,75000,68000,31000,29500,28500,18600,,
2021年10月08日,09時,86500,75000,68000,31000,29500,28500,18600,,
2021年10月08日,10時,86500,75000,68000,31000,29500,28500,18600,,
2021年10月08日,11時,86500,75000,68000,31000,29500,28500,18600,,
2021年10月08日,12時,86500,75000,68000,31000,29500,28500,18600,,
2021年10月08日,13時,86500,75000,68000,31000,29500,28500,18600,,
2021年10月08日,14時,86500,75000,68000,31000,29500,28500,18600,,
2021年10月08日,15時,86500,75000,68000,31000,29500,28500,18600,,
2021年10月08日,16時,85000,75000,68000,31000,29500,28500,18600,,
2021年10月08日,17時,85000,75000,68000,31000,29500,28500,18600,,
2021年10月08日,18時,86500,75000,68000,31000,29500,28500,18600,,
2021年10月08日,19時,86500,75000,68000,31000,29500,28500,18600,,
2021年10月08日,20時,86500,75000,68000,31000,29500,28500,18600,,
2021年10月08日,21時,86500,75000,68000,31000,29500,28500,18600,,
2021年10月08日,22時,86500,75000,68000,31000,29500,28500,18600,,
2021年10月08日,23時,86500,75000,68000,31000,29500,28500,18600,,
2021年10月09日,00時,86500,75000,68000,31000,29500,28500,18600,,
2021年10月09日,01時,86500,75000,68000,31000,29500,28500,18600,,
2021年10月09日,02時,86500,75000,68000,31000,29500,28500,18600,,
2021年10月09日,03時,86500,75000,68000,31000,29500,28500,18600,,
2021年10月09日,04時,86500,75000,68000,31000,29500,28500,18600,,
2021年10月09日,05時,86500,75000,68000,31000,29500,28500,18600,,
2021年10月09日,06時,86500,75000,68000,31000,29500,28500,18600,,
2021年10月09日,07時,86500,75000,68000,31000,29500,28500,18600,,
2021年10月09日,09時,86500,75000,68000,31000,29500,28500,18600,42500.0,42500.0
2021年10月09日,10時,86500,75000,68000,31000,29500,28500,18600,42500.0,42500.0
2021年10月09日,11時,86500,75000,68000,31000,29500,28500,18600,45000.0,45000.0
2021年10月09日,12時,86500,75000,68000,31000,29500,28500,18600,45000.0,45000.0
2021年10月09日,13時,86500,75000,68000,31000,29500,28500,18600,45000.0,45000.0
2021年10月09日,14時,86500,75000,68000,31000,29500,28500,18600,45000.0,45000.0
2021年10月09日,15時,86500,75000,68000,31000,29500,28500,18600,45000.0,45000.0
2021年10月09日,16時,86500,75000,68000,31000,29500,28500,18600,45000.0,45000.0
2021年10月09日,17時,86500,75000,68000,31000,29500,28500,18600,45000.0,45000.0
2021年10月09日,18時,86500,75000,68000,31000,29500,28500,18600,45000.0,45000.0
2021年10月09日,19時,86500,75000,68000,31000,29500,28500,18600,45000.0,45000.0
2021年10月09日,20時,86500,75000,68000,31000,29500,28500,18600,45000.0,45000.0
2021年10月09日,21時,86500,75000,68000,31000,29500,28500,18600,45000.0,45000.0
2021年10月09日,22時,86500,75000,68000,31000,29500,28500,18600,45000.0,45000.0
2021年10月09日,23時,86500,75000,68000,31000,29500,28500,18600,45000.0,45000.0
2021年10月10日,00時,86500,75000,68000,31000,29500,28500,18600,45000.0,45000.0
2021年10月10日,01時,86500,75000,68000,31000,29500,28500,18600,45000.0,45000.0
2021年10月10日,02時,86500,75000,68000,31000,29500,28500,18600,44000.0,44000.0
2021年10月10日,03時,86500,75000,68000,31000,29500,28500,18600,44000.0,44000.0
2021年10月10日,04時,86500,75000,68000,31000,29500,28500,18600,44000.0,44000.0
2021年10月10日,05時,86500,75000,68000,31000,29500,28500,18600,44000.0,44000.0
2021年10月10日,06時,86500,75000,68000,31000,29500,28500,18600,44000.0,44000.0
2021年10月10日,07時,86500,75000,68000,31000,29500,28500,18600,44000.0,44000.0
2021年10月10日,08時,86500,75000,68000,31000,29500,28500,18600,44000.0,44000.0
2021年10月10日,09時,86500,75000,68000,31000,29500,28500,18600,44000.0,44000.0
2021年10月10日,10時,86500,75000,68000,31000,29500,28500,18600,44000.0,44000.0
2021年10月10日,11時,86500,75000,68000,31000,29500,28500,18600,44000.0,44000.0
2021年10月10日,12時,86500,75000,68000,31000,29500,28500,18600,44000.0,44000.0
2021年10月10日,13時,86500,75000,68000,31000,29500,28500,18600,44000.0,44000.0
2021年10月10日,14時,86500,75000,68000,31000,29500,28500,18600,44000.0,44000.0
2021年10月10日,15時,86500,75000,68000,31000,29500,28500,18600,44000.0,44000.0
2021年10月10日,16時,86500,75000,68000,31000,29500,28500,18600,45000.0,45000.0
2021年10月10日,17時,86500,75000,68000,31000,29500,28500,18600,45000.0,45000.0
2021年10月10日,18時,86500,75000,68000,31000,29500,28500,18600,45000.0,45000.0
2021年10月10日,19時,86500,75000,68000,31000,29500,28500,18600,45000.0,45000.0
2021年10月10日,20時,86500,75000,68000,31000,29500,28500,18600,45000.0,45000.0
2021年10月10日,21時,86500,75000,68000,31000,29500,28500,18600,45000.0,45000.0
2021年10月10日,22時,86500,75000,68000,31000,29500,28500,18600,45000.0,45000.0
2021年10月10日,23時,86500,75000,68000,31000,29500,28500,18600,45000.0,45000.0
2021年10月11日,00時,86500,75000,68000,31000,29500,28500,18600,45000.0,45000.0
2021年10月11日,01時,86500,75000,68000,31000,29500,28500,18600,45000.0,45000.0
2021年10月11日,02時,86500,75000,68000,31000,29500,28500,18600,45000.0,45000.0
2021年10月11日,03時,86500,75000,68000,31000,29500,28500,18600,45000.0,45000.0
2021年10月11日,04時,86500,75000,68000,31000,29500,28500,18600,45000.0,45000.0
2021年10月11日,05時,86500,75000,68000,31000,29500,28500,18600,45000.0,45000.0
2021年10月11日,06時,86500,75000,68000,31000,29500,28500,18600,45000.0,45000.0
2021年10月11日,07時,86500,75000,68000,31000,29500,28500,18600,45000.0,45000.0
2021年10月11日,08時,86500,75000,68000,31000,29500,28500,18600,45000.0,45000.0
2021年10月11日,09時,86500,75000,68000,31000,29500,28500,18600,45000.0,45000.0
2021年10月11日,10時,86500,75000,68000,31000,29500,28500,18600,45000.0,45000.0
2021年10月11日,11時,86500,75000,68000,31000,29500,28500,18600,45000.0,45000.0
2021年10月11日,12時,86500,75000,68000,31000,29500,28500,18600,45000.0,45000.0
2021年10月11日,13時,86500,75000,68000,31000,29500,28500,18600,45000.0,45000.0
2021年10月11日,14時,86500,75000,68000,31000,29500,28500,18600,45000.0,45000.0
2021年10月11日,15時,86500,75000,68000,31000,29500,28500,18600,46000.0,46000.0
2021年10月11日,16時,86500,75000,68000,31000,29500,28500,18600,46000.0,46000.0
2021年10月11日,17時,86500,75000,68000,31000,29500,28500,18600,46000.0,46000.0
2021年10月11日,18時,86500,75000,68000,31000,29500,28500,18600,46000.0,46000.0
2021年10月11日,19時,86500,75000,68000,31000,29500,28500,18600,46000.0,46000.0
2021年10月11日,20時,86500,75000,68000,31000,29500,28500,18600,46000.0,46000.0
2021年10月11日,21時,86500,75000,68000,31000,29500,28500,18600,46000.0,46000.0
2021年10月11日,22時,86500,75000,68000,31000,29500,28500,18600,46000.0,46000.0
2021年10月11日,23時,86500,75000,68000,31000,29500,28500,18600,46000.0,46000.0
2021年10月12日,00時,86500,75000,68000,31000,29500,28500,18600,46000.0,46000.0
2021年10月12日,01時,86500,75000,68000,31000,29500,28500,18600,46000.0,46000.0
2021年10月12日,02時,86500,75000,68000,31000,29500,28500,18600,45000.0,45000.0
2021年10月12日,03時,86500,75000,68000,31000,29500,28500,18600,45000.0,45000.0
2021年10月12日,04時,86500,75000,68000,31000,29500,28500,18600,45000.0,45000.0
2021年10月12日,05時,86500,75000,68000,31000,29500,28500,18600,45000.0,45000.0
2021年10月12日,06時,86500,75000,68000,31000,29500,28500,18600,45000.0,45000.0
2021年10月12日,07時,86500,75000,68000,31000,29500,28500,18600,45000.0,45000.0
2021年10月12日,08時,86500,75000,68000,31000,29500,28500,18600,45000.0,45000.0
2021年10月12日,09時,86500,75000,68000,31000,29500,28500,18600,45000.0,45000.0
2021年10月12日,10時,86500,75000,68000,31000,29500,28500,18600,45000.0,45000.0
2021年10月12日,11時,86500,75000,68000,31000,29500,28500,18600,46000.0,46000.0
2021年10月12日,12時,86500,75000,68000,31000,29500,28500,18600,46000.0,46000.0
2021年10月12日,13時,86500,75000,68000,31000,29500,28500,18600,46000.0,46000.0
2021年10月12日,14時,86500,75000,68000,31000,29500,28500,18600,46000.0,46000.0
2021年10月12日,15時,87000,76000,68000,31000,29500,28500,18600,48500.0,48500.0
2021年10月12日,16時,87000,76000,68000,31000,29500,28500,18600,48500.0,48500.0
2021年10月12日,17時,87000,76000,68000,31000,29500,28500,18600,47000.0,47000.0
2021年10月12日,18時,87000,76000,68000,31000,29500,28500,18600,47000.0,47000.0
2021年10月12日,19時,87000,76000,68000,31000,29500,28500,18600,47500.0,47500.0
2021年10月12日,20時,87000,76000,68000,31000,29500,28500,18600,47500.0,47500.0
2021年10月12日,21時,87000,76000,68000,31000,29500,28500,18600,47500.0,47500.0
2021年10月12日,22時,87000,76000,68000,31000,29500,28500,18600,47500.0,47500.0
2021年10月12日,23時,87000,76000,68000,31000,29500,28500,18600,47500.0,47500.0
2021年10月13日,00時,87000,76000,68000,31000,29500,28500,18600,47500.0,47500.0
2021年10月13日,01時,87000,76000,68000,31000,29500,28500,18600,47000.0,47000.0
2021年10月13日,02時,87000,76000,68000,31000,29500,28500,18600,47000.0,47000.0
2021年10月13日,03時,87000,76000,68000,31000,29500,28500,18600,47000.0,47000.0
2021年10月13日,04時,87000,76000,68000,31000,29500,28500,18600,47000.0,47000.0
2021年10月13日,05時,87000,76000,68000,31000,29500,28500,18600,47000.0,47000.0
2021年10月13日,06時,87000,76000,68000,31000,29500,28500,18600,47000.0,47000.0
2021年10月13日,07時,87000,76000,68000,31000,29500,28500,18600,47000.0,47000.0
2021年10月13日,08時,87000,76000,68000,31000,29500,28500,18600,47000.0,47000.0
2021年10月13日,09時,87000,76000,68000,31000,29500,28500,18600,47000.0,47000.0
2021年10月13日,10時,87000,76000,68000,31000,29500,28500,18600,47000.0,47000.0
2021年10月13日,11時,87000,76000,68000,31000,29500,28500,18600,47000.0,47000.0
2021年10月13日,12時,87000,76000,68000,31000,29500,28500,18600,47500.0,47500.0
2021年10月13日,13時,88000,76000,68000,31000,29500,28500,18600,47500.0,47500.0
2021年10月13日,14時,88000,76000,68000,31000,30000,29000,18600,47500.0,47500.0
2021年10月13日,15時,89000,76000,68000,31000,30000,29000,18600,47500.0,47500.0
2021年10月13日,16時,89000,76000,68000,31000,30000,29000,18600,47500.0,47500.0
2021年10月13日,17時,89000,76000,68000,31000,30000,29000,18600,47500.0,47500.0
2021年10月13日,18時,89000,76000,68000,31000,30000,29000,18600,47500.0,47500.0
2021年10月13日,19時,89000,76000,68000,31000,30000,29000,18600,47500.0,47500.0
2021年10月13日,20時,89000,76000,68000,31000,30000,29000,18600,47500.0,47500.0
2021年10月13日,21時,89000,76000,68000,31000,30000,29000,18600,47500.0,47500.0
2021年10月13日,22時,89000,76000,68000,31000,30000,29000,18600,47500,47500
